0	Ytala Cabral | SEO, Google Business Profile and Copywriting	Ytala Cabral | SEO, Profil d’entreprise Google et rédaction	Ytala Cabral | SEO, Perfil de Empresa en Google y redacción
1	Meet Ytala Cabral, responsible for SEO, Google Business Profile and copywriting at Ravyt Digital, with experience in content strategy.	Découvrez Ytala Cabral, responsable du SEO, du Profil d’entreprise Google et de la rédaction chez Ravyt Digital, avec une expérience en stratégie de contenu.	Conoce a Ytala Cabral, responsable de SEO, Perfil de Empresa en Google y redacción en Ravyt Digital, con experiencia en estrategia de contenidos.
4	Ravyt Digital specialist	Spécialiste de Ravyt Digital	Especialista de Ravyt Digital
5	Ytala Cabral is a copywriter and leads SEO, Google Business Profile and messaging strategy at Ravyt Digital.	Ytala Cabral est rédactrice et dirige le SEO, le Profil d’entreprise Google et la stratégie de communication chez Ravyt Digital.	Ytala Cabral es redactora y dirige el SEO, el Perfil de Empresa en Google y la estrategia de mensajes en Ravyt Digital.
6	At Ravyt, she connects search intent, content and copywriting to help businesses be found and understood. Her writing experience helps present services clearly.	Chez Ravyt, elle relie intention de recherche, contenu et rédaction pour aider les entreprises à être trouvées et comprises. Son expérience rédactionnelle contribue à présenter les services clairement.	En Ravyt, conecta la intención de búsqueda, el contenido y la redacción para ayudar a las empresas a ser encontradas y comprendidas. Su experiencia con textos contribuye a presentar los servicios con claridad.
7	TALK TO YTALA	PARLER À YTALA	HABLAR CON YTALA
8	Content by Ytala Cabral	Contenus de Ytala Cabral	Contenidos de Ytala Cabral
9	Articles on communication for Parenting Psychology	Articles sur la communication en psychologie parentale	Artículos sobre comunicación para Psicología Parental
12	Discover Ravyt’s website creation and maintenance services	Découvrez la création et la maintenance de sites de Ravyt	Conoce la creación y el mantenimiento de sitios web de Ravyt
13	Home	Accueil	Inicio
14	Updated on	Mis à jour le	Actualizado el
15	Quick answer	Réponse rapide	Respuesta rápida
16	In this article	Dans cet article	En este contenido
17	Read also: 	À lire aussi : 	Lee también: 
18	On small screens, swipe the table to see all columns.	Sur les petits écrans, faites glisser le tableau pour voir toutes les colonnes.	En pantallas pequeñas, desliza la tabla para ver todas las columnas.
19	Understand what affects a website quote →	Comprenez ce qui modifie le devis d’un site →	Entiende qué modifica el presupuesto de un sitio web →
20	See how to evaluate a professional website proposal →	Découvrez comment évaluer une proposition de site professionnel →	Descubre cómo evaluar una propuesta de creación de un sitio web profesional →
21	Institutional references	Références institutionnelles	Referencias institucionales
22	Institutional reference:	Référence institutionnelle :	Referencia institucional:
23	Professional Code of Ethics — Federal Council of Psychology	Code de déontologie professionnelle — Conseil fédéral de psychologie	Código de Ética Profesional — Consejo Federal de Psicología
24	How this content was produced	Comment ce contenu a été élaboré	Cómo se elaboró este contenido
25	This article presents editorial criteria for organizing a website’s pages. The examples are illustrative and do not represent client results.	Cet article présente des critères éditoriaux pour organiser les pages d’un site. Les exemples sont illustratifs et ne représentent pas des résultats de clients.	Este artículo presenta criterios editoriales para organizar las páginas de un sitio web. Los ejemplos son ilustrativos y no representan resultados de clientes.
26	Explore further	Approfondissez le sujet	Sigue profundizando
27	Want to build a digital presence that reflects the depth of your work?	Vous souhaitez construire une présence numérique à la hauteur de la profondeur de votre travail ?	¿Quieres construir una presencia digital coherente con la profundidad de tu trabajo?
28	Explore the service	Découvrir le service	Conocer el servicio
29	Blog about Google, Websites and SEO	Blog sur Google, les sites et le SEO	Blog sobre Google, sitios web y SEO
30	Ravyt guides on website creation and maintenance, Google presence and SEO for businesses.	Guides de Ravyt sur la création et la maintenance de sites, la présence sur Google et le SEO pour les entreprises.	Guías de Ravyt sobre creación y mantenimiento de sitios web, presencia en Google y SEO para empresas.
31	Guides on websites, Google presence and SEO.	Guides sur les sites, la présence sur Google et le SEO.	Guías sobre sitios web, presencia en Google y SEO.
32	Better decisions for your	De meilleures décisions pour votre	Mejores decisiones para tu
33	 digital presence.	 présence numérique.	 presencia digital.
34	Guides on website creation, Google presence and SEO for businesses.	Guides sur la création de sites, la présence sur Google et le SEO pour les entreprises.	Guías sobre creación de sitios web, presencia en Google y SEO para empresas.
35	Recent content	Contenus récents	Contenidos recientes
36	Start with the decision you need to make.	Commencez par la décision que vous devez prendre.	Empieza por la decisión que necesitas tomar.
37	Practical reading to plan, commission and improve your digital presence.	Des lectures pratiques pour planifier, commander et améliorer votre présence numérique.	Lectura práctica para planificar, contratar y mejorar tu presencia digital.
38	Ravyt Digital website portfolio	Portfolio de sites de Ravyt Digital	Portafolio de sitios web de Ravyt Digital
39	Explore moving previews of websites created by Ravyt Digital: conceptual demonstrations and published sites.	Explorez les aperçus animés de sites créés par Ravyt Digital : démonstrations conceptuelles et sites publiés.	Explora vistas previas en movimiento de sitios creados por Ravyt Digital: demostraciones conceptuales y sitios publicados.
40	Website portfolio	Portfolio de sites	Portafolio de sitios web
41	Every business calls for	Chaque entreprise appelle	Cada negocio necesita
42	 its own experience.	 une expérience qui lui est propre.	 una experiencia propia.
43	Explore the moving website previews. Projects marked as conceptual demonstrations feature illustrative brands and proposals; the others are published websites.	Explorez les aperçus animés des sites. Les projets identifiés comme démonstrations conceptuelles présentent des marques et des propositions illustratives ; les autres sont des sites publiés.	Explora las vistas previas en movimiento de los sitios. Los proyectos identificados como demostración conceptual presentan marcas y propuestas ilustrativas; los demás son sitios publicados.
44	Tell us about your Google, SEO or website project. Send Ravyt Digital your message through the contact form.	Parlez-nous de votre projet Google, SEO ou de création de site. Envoyez votre message à Ravyt Digital via le formulaire de contact.	Cuéntanos sobre tu proyecto de Google, SEO o creación de sitios web. Envía tu mensaje a Ravyt Digital mediante el formulario de contacto.
45	Let’s talk	Parlons	Hablemos
46	 about your project	 de votre projet	 de tu proyecto
47	Tell us a little about what you need. Our team will contact you to understand your project and suggest the best way forward.	Dites-nous ce dont vous avez besoin. Notre équipe vous contactera pour comprendre votre projet et vous indiquer la meilleure voie à suivre.	Cuéntanos un poco sobre lo que necesitas. Nuestro equipo se pondrá en contacto para entender tu proyecto e indicar el mejor camino.
48	Talk about my project	Parler de mon projet	Hablar sobre mi proyecto
49	Your message	Votre message	Tu mensaje
50	Tell us what you	Dites-nous ce que vous	Cuéntanos qué
51	 have in mind.	 avez en tête.	 tienes en mente.
52	Select the services you are interested in and share your project details. We will reply using the contact information you provide.	Sélectionnez les services qui vous intéressent et partagez les détails du projet. Nous vous répondrons via les coordonnées indiquées.	Selecciona los servicios de tu interés y comparte los detalles del proyecto. Responderemos al contacto indicado.
53	Website Creation with Your Own Domain	Création de sites avec votre propre domaine	Creación de sitios web con dominio propio
54	Website creation with a custom domain for businesses and professionals. Planning, copy, responsive design and technical SEO structure. Serving clients worldwide.	Création de sites avec un domaine propre pour les entreprises et les professionnels. Planification, textes, design adaptatif et structure technique SEO. Services dans le monde entier.	Creación de sitios con dominio propio para empresas y profesionales. Planificación, textos, diseño adaptable y estructura técnica de SEO. Atención en todo el mundo.
55	We learn about your services, audience, goals and available materials.	Nous découvrons vos services, votre public, vos objectifs et les éléments disponibles.	Conocemos tus servicios, público, objetivo y materiales disponibles.
56	Structure and copy	Structure et textes	Estructura y textos
57	We organize pages, navigation and copy to present your offer clearly.	Nous organisons les pages, la navigation et les textes pour présenter votre offre clairement.	Organizamos las páginas, la navegación y los textos para presentar tu oferta con claridad.
58	Design and development	Design et construction	Diseño y construcción
59	We create a responsive experience with accessible contact options on phones and computers.	Nous créons une expérience adaptative, avec un contact accessible sur mobile et ordinateur.	Creamos una experiencia adaptable, con contacto accesible en el móvil y el ordenador.
60	Review and publication	Vérification et publication	Revisión y publicación
61	We check content, links and functionality before the website goes live.	Nous vérifions les contenus, les liens et le fonctionnement avant la mise en ligne.	Revisamos el contenido, los enlaces y el funcionamiento antes de publicar el sitio.
62	Can the website use my own domain?	Le site peut-il utiliser mon propre domaine ?	¿El sitio puede tener mi propio dominio?
63	Yes. The project can be published on a custom domain. Domain and hosting are part of the monthly Google + Website + SEO offer; specific conditions are defined in the proposal.	Oui. Le projet peut être publié sur votre propre domaine. Le domaine et l’hébergement font partie de l’offre mensuelle Google + Site + SEO ; les conditions précises sont définies dans la proposition.	Sí. El proyecto puede publicarse en un dominio propio. El dominio y el alojamiento forman parte de la oferta mensual Google + Sitio web + SEO; las condiciones específicas se definen en la propuesta.
64	Does Ravyt serve clients outside São Paulo?	Ravyt accompagne-t-elle des clients en dehors de São Paulo ?	¿Ravyt atiende fuera de São Paulo?
65	Yes. Website creation is provided remotely to clients worldwide.	Oui. La création de sites est réalisée à distance pour les clients du monde entier.	Sí. La creación de sitios web se realiza de forma remota para clientes de todo el mundo.
66	Will the website appear on Google’s first page?	Le site apparaîtra-t-il sur la première page de Google ?	¿El sitio aparecerá en la primera página de Google?
67	No ranking is guaranteed. We structure titles, descriptions, content, navigation and technical requirements so search engines can crawl and understand the pages.	Aucune position n’est garantie. Nous structurons les titres, descriptions, contenus, navigation et exigences techniques pour que les moteurs de recherche puissent explorer et comprendre les pages.	No existe garantía de posición. Estructuramos títulos, descripciones, contenido, navegación y requisitos técnicos para que los buscadores puedan rastrear y comprender las páginas.
68	Do you provide maintenance after delivery?	Assurez-vous la maintenance après la livraison ?	¿Hacen mantenimiento después de la entrega?
69	Website creation, updates and support are part of the monthly Google + Website + SEO offer. The proposal defines the scope and responsibilities.	La création, les mises à jour et le support du site font partie de l’offre mensuelle Google + Site + SEO. La proposition définit le périmètre et les responsabilités.	La creación, las actualizaciones y el soporte del sitio forman parte de la oferta mensual Google + Sitio web + SEO. La propuesta define el alcance y las responsabilidades.
70	Online Website Creation	Création de sites en ligne	Creación de sitios web en línea
71	Website creation and maintenance	Création et maintenance de sites	Creación y mantenimiento de sitios web
72	Planning, copywriting, design and development of websites with custom domains for professionals and businesses.	Planification, rédaction, design et construction de sites avec domaine propre pour les professionnels et les entreprises.	Planificación, redacción, diseño y construcción de sitios con dominio propio para profesionales y empresas.
73	Online website creation · Brazil	Création de sites en ligne · Brésil	Creación de sitios web en línea · Brasil
74	Website creation with your own domain for your business.	Création de site avec votre propre domaine pour votre entreprise.	Creación de un sitio web con dominio propio para tu negocio.
75	We plan and build responsive corporate websites to present your services, inspire trust and make contact easier. Each page considers your audience and how they search for your business.	Nous concevons et réalisons des sites institutionnels adaptatifs pour présenter vos services, inspirer confiance et faciliter le contact. Chaque page tient compte de votre public et de la façon dont il recherche votre entreprise.	Planificamos y construimos sitios institucionales adaptables para presentar tus servicios, transmitir confianza y facilitar el contacto. Cada página considera a tu público y cómo busca tu empresa.
76	Hello! I’d like to discuss creating a website with my own domain.	Bonjour ! Je souhaite parler de la création d’un site avec mon propre domaine.	¡Hola! Quiero hablar sobre la creación de un sitio con dominio propio.
77	LET’S TALK ABOUT MY WEBSITE	PARLONS DE MON SITE	HABLAR SOBRE MI SITIO WEB
78	From idea to web address	De l’idée à l’adresse en ligne	De la idea a la dirección en línea
79	A clear corporate website, quick to understand and easy to use.	Un site institutionnel clair, rapide à comprendre et facile à utiliser.	Un sitio institucional claro, rápido de entender y fácil de usar.
80	As a company specializing in website creation, Ravyt organizes information before building: what you offer, who it is for, why choose your work and how to contact you.	En tant qu’entreprise spécialisée dans la création de sites, Ravyt organise l’information avant de construire : ce que vous proposez, à qui, pourquoi choisir votre travail et comment vous contacter.	Como empresa especializada en creación de sitios, Ravyt organiza la información antes de construir: qué ofreces, a quién, por qué elegir tu trabajo y cómo contactarte.
81	Website development includes mobile-friendly pages, working links and a technical SEO foundation. The format and number of pages are defined for each project.	La construction de sites comprend des pages adaptées au mobile, des liens fonctionnels et une base technique SEO. Le format et le nombre de pages sont définis selon chaque projet.	La construcción de sitios incluye páginas adaptadas al móvil, enlaces funcionales y una base técnica de SEO. El formato y el número de páginas se definen según cada proyecto.
82	See what goes into a website quote →	Découvrez ce qui entre dans le devis d’un site →	Descubre qué incluye el presupuesto de un sitio web →
83	Planning the structure and navigation	Planification de la structure et de la navigation	Planificación de la estructura y la navegación
84	Copywriting to present services and guide contact	Textes pour présenter les services et guider la prise de contact	Textos para presentar servicios y orientar el contacto
85	Responsive design for phones and computers	Design adaptatif pour mobile et ordinateur	Diseño adaptable para móvil y ordenador
86	Configuration for publication on your own domain	Configuration pour la publication avec votre propre domaine	Configuración para la publicación con dominio propio
87	Titles, descriptions and technical SEO structure	Titres, descriptions et structure technique SEO	Títulos, descripciones y estructura técnica de SEO
88	Review of links, content and functionality	Vérification des liens, du contenu et du fonctionnement	Revisión de enlaces, contenido y funcionamiento
89	How we create	Comment nous créons	Cómo creamos
90	A process from briefing to publication.	Un processus du brief à la publication.	Un proceso desde el briefing hasta la publicación.
91	After delivery	Après la livraison	Después de la entrega
92	Your website needs to stay useful.	Votre site doit rester utile.	Tu sitio debe seguir siendo útil.
93	Information changes, services evolve and links need to keep working. Website creation and maintenance are part of the Google + Website + SEO offer under the single annual plan of R$ 597,00, with setup included and payment by Pix, card or boleto. The scope is defined in the proposal.	Les informations changent, les services évoluent et les liens doivent continuer à fonctionner. La création et la maintenance du site font partie de l’offre Google + Site + SEO avec le forfait annuel unique de R$ 597,00, installation incluse et paiement par Pix, carte ou boleto. Le périmètre est défini dans la proposition.	La información cambia, los servicios evolucionan y los enlaces deben seguir funcionando. La creación y el mantenimiento del sitio forman parte de la oferta Google + Sitio web + SEO en el plan único anual de R$ 597,00, con implementación incluida y pago por Pix, tarjeta o boleto. El alcance se define en la propuesta.
94	Before defining the pages, read	Avant de définir les pages, lisez	Antes de definir las páginas, lee
95	 what your corporate website needs to explain →	 ce que votre site institutionnel doit expliquer →	 lo que tu sitio institucional necesita explicar →
96	Frequently asked questions	Questions fréquentes	Preguntas frecuentes
97	Before creating your website	Avant de créer votre site	Antes de crear tu sitio web
98	Shall we plan your website?	Planifions votre site ?	¿Planificamos tu sitio web?
99	Tell us what your business does and which pages it needs. We serve clients worldwide.	Dites-nous ce que fait votre entreprise et quelles pages elle doit créer. Nous accompagnons les clients du monde entier.	Cuéntanos qué hace tu empresa y qué páginas necesita crear. Atendemos en todo el mundo.
100	TALK ON WHATSAPP	PARLER SUR WHATSAPP	HABLAR POR WHATSAPP
101	Digital presence assessment	Diagnostic de votre présence numérique	Diagnóstico de tu presencia digital
102	Tell us how your business currently appears on Google and online. Talk to Ravyt to identify priorities in SEO, local presence and your website.	Dites-nous comment votre entreprise apparaît aujourd’hui sur Google et sur Internet. Échangez avec Ravyt pour identifier les priorités en SEO, présence locale et site.	Cuéntanos cómo aparece tu empresa hoy en Google y en Internet. Habla con Ravyt para identificar prioridades en SEO, presencia local y sitio web.
103	Assess my digital presence	Analyser ma présence numérique	Analizar mi presencia digital
104	Let’s look at what	Regardons ce que	Veamos qué
105	 your customer finds.	 votre client trouve.	 encuentra tu cliente.
106	Tell us a little about your business. It is the first step toward a contextual analysis and a discussion about priorities.	Parlez-nous de votre entreprise. C’est la première étape d’une analyse contextualisée et d’un échange sur les priorités.	Cuéntanos un poco sobre tu empresa. Es el primer paso para un análisis con contexto y una conversación sobre prioridades.
107	What will we look at?	Qu’allons-nous examiner ?	¿Qué vamos a observar?
108	How your business and services appear in search.	La façon dont votre entreprise et vos services apparaissent dans les recherches.	Cómo aparecen tu empresa y tus servicios en las búsquedas.
109	Information, reviews and presence on Google and Maps.	Les informations, avis et présence sur Google et Maps.	Información, reseñas y presencia en Google y Maps.
110	Message clarity and website experience.	La clarté du message et l’expérience sur le site.	Claridad del mensaje y experiencia en el sitio.
111	Ways for visitors to contact you.	Les moyens pour le visiteur de vous contacter.	Los caminos para que el visitante contacte contigo.
112	This is not an automated audit. After receiving your message, we will discuss the next steps and the scope of the analysis.	Il ne s’agit pas d’un audit automatique. Après réception de votre message, nous échangeons pour convenir des prochaines étapes et du périmètre de l’analyse.	No es una auditoría automática. Después de recibir tu mensaje, conversamos para acordar los próximos pasos y el alcance del análisis.
113	I prefer to talk directly on WhatsApp ↗	Je préfère échanger directement sur WhatsApp ↗	Prefiero hablar directamente por WhatsApp ↗
114	Google Business Profile and Local Presence	Profil d’entreprise Google et présence locale	Perfil de Empresa en Google y presencia local
115	Organize your Google Business Profile and Maps presence. Local SEO, consistent information and a clear path to contact.	Organisez votre Profil d’entreprise Google et votre présence sur Maps. SEO local, informations cohérentes et parcours clair jusqu’au contact.	Organiza tu Perfil de Empresa en Google y tu presencia en Maps. SEO local, información coherente y un recorrido claro hasta el contacto.
116	Google + Website + SEO for Businesses	Google + Site + SEO pour les entreprises	Google + Sitio web + SEO para empresas
117	Digital presence with a professional website, maintenance and SEO. A single annual plan of R$ 597,00, payable by Pix, card or boleto, with the same Google, website and SEO services.	Présence numérique avec site professionnel, maintenance et SEO. Forfait annuel unique de R$ 597,00, payable par Pix, carte ou boleto, avec les mêmes services Google, site et SEO.	Presencia digital con sitio profesional, mantenimiento y SEO. Plan único anual de R$ 597,00, pagado por Pix, tarjeta o boleto, con los mismos servicios de Google, sitio web y SEO.
118	Google Business Profile and local presence.	Profil d’entreprise Google et présence locale.	Perfil de Empresa en Google y presencia local.
119	We organize and optimize your Google Business Profile, when eligible, with consistent information for local searches.	Nous organisons et optimisons le Profil d’entreprise Google, lorsque l’entreprise est éligible, avec des informations cohérentes pour les recherches locales.	Organizamos y optimizamos el Perfil de Empresa en Google, cuando el negocio es elegible, con información coherente para búsquedas locales.
120	Business setup and information	Configuration et informations de l’entreprise	Configuración e información del negocio
121	Optimizations for local searches	Optimisations pour les recherches locales	Optimizaciones para búsquedas locales
122	Ongoing improvements	Améliorations continues	Mejoras continuas
123	Professional Website Creation.	Création de sites professionnels.	Creación de sitios web profesionales.
124	We create and maintain a professional website that presents your business, inspires trust and makes contact easier.	Nous créons et maintenons un site professionnel qui présente votre entreprise, inspire confiance et facilite le contact.	Creamos y mantenemos un sitio profesional que presenta tu empresa, transmite confianza y facilita el contacto.
125	Website and domain creation	Création du site et du domaine	Creación del sitio y dominio
126	Hosting and updates	Hébergement et mises à jour	Alojamiento y actualizaciones
127	Ongoing support	Support continu	Soporte continuo
128	Local SEO and search structure.	SEO local et structure pour les recherches.	SEO local y estructura para búsquedas.
129	We work on the website’s structure and pages so search engines can better understand your business.	Nous travaillons sur la structure et les pages du site pour que les moteurs de recherche comprennent mieux votre entreprise.	Trabajamos la estructura y las páginas del sitio para que los buscadores comprendan mejor tu negocio.
130	Technical SEO structure	Structure technique SEO	Estructura técnica de SEO
131	Page optimization	Optimisation des pages	Optimización de las páginas
132	Monitoring and improvements	Suivi et améliorations	Seguimiento y mejoras
134	Google + Website + SEO for businesses	Google + Site + SEO pour les entreprises	Google + Sitio web + SEO para empresas
135	 worldwide.	 dans le monde entier.	 en todo el mundo.
136	Your business needs to be found when customers search. We create your website and work on your Google presence to turn searches into opportunities.	Votre entreprise doit être trouvée lorsque les clients font une recherche. Nous créons votre site et travaillons votre présence sur Google pour transformer les recherches en opportunités.	Tu negocio necesita ser encontrado cuando los clientes buscan. Creamos tu sitio y trabajamos tu presencia en Google para transformar búsquedas en oportunidades.
137	Understand how it works ↓	Comprendre comment cela fonctionne ↓	Entender cómo funciona ↓
138	Single annual plan: R$ 597,00 · Pix, card or boleto	Forfait annuel unique : R$ 597,00 · Pix, carte ou boleto	Plan único anual: R$ 597,00 · Pix, tarjeta o boleto
139	Being found is the beginning.	Être trouvée est le début.	Ser encontrada es el comienzo.
140	Being chosen is the next step.	Être choisie est l’étape suivante.	Ser elegida es el siguiente paso.
141	The demand already exists	La demande existe déjà	La demanda ya existe
142	When someone looks for what you offer, do they find your business	Quand quelqu’un recherche ce que vous proposez, trouve-t-il votre entreprise	Cuando alguien busca lo que ofreces, ¿encuentra tu empresa
143	 or your competitor?	 ou votre concurrent ?	 o a tu competidor?
144	Being online does not mean being found. Your business needs to appear in searches, inspire trust and offer a simple way for customers to get in touch.	Être sur Internet ne signifie pas être trouvé. Votre entreprise doit apparaître dans les recherches, inspirer confiance et offrir au client un moyen simple de vous contacter.	Estar en Internet no significa ser encontrado. Tu empresa necesita aparecer en las búsquedas, transmitir confianza y ofrecer un camino sencillo para que el cliente contacte contigo.
145	Gets in touch	Prend contact	Contacta
146	The Ravyt solution	La solution Ravyt	La solución Ravyt
147	A complete structure to help your business	Une structure complète pour votre entreprise	Una estructura completa para que tu empresa
148	 grow on Google.	 se développer sur Google.	 crezca en Google.
149	We bring local presence, a professional website and SEO together in a single strategy to build and maintain a stronger digital presence for your business.	Nous réunissons présence locale, site professionnel et SEO dans une stratégie unique pour construire et maintenir une présence numérique plus forte pour votre entreprise.	Unimos presencia local, sitio profesional y SEO en una sola estrategia para construir y mantener una presencia digital más fuerte para tu negocio.
150	Three pillars. One offer.	Trois piliers. Une offre.	Tres pilares. Una oferta.
151	Google + Website + SEO.	Google + Site + SEO.	Google + Sitio web + SEO.
152	How everything connects	Comment tout se relie	Cómo se conecta todo
153	A structure working	Une structure qui travaille	Una estructura trabajando
154	 together.	 ensemble.	 en conjunto.
155	The Business Profile helps customers find you. The website explains your services and makes contact easier. SEO strengthens this structure in search.	Le Profil d’entreprise aide votre client à vous trouver. Le site explique vos services et facilite le contact. Le SEO renforce cette structure dans les recherches.	El Perfil de Empresa ayuda a tu cliente a encontrarte. El sitio explica tus servicios y facilita el contacto. El SEO fortalece esta estructura en las búsquedas.
156	SEO strengthens every step.	Le SEO renforce chaque étape.	El SEO fortalece cada etapa.
157	Your digital presence in practice	Votre présence numérique en pratique	Tu presencia digital en la práctica
158	See what your customer	Découvrez ce que votre client	Mira lo que tu cliente
159	 will find.	 trouvera.	 va a encontrar.
160	A profile that presents your business. A website that explains your services. A simple way to get in touch.	Un profil qui présente votre entreprise. Un site qui explique vos services. Un moyen simple de vous contacter.	Un perfil que presenta tu negocio. Un sitio que explica tus servicios. Un camino sencillo para contactar.
161	Fictional demonstration of Clínica Aurora’s Google Business Profile on a phone	Démonstration fictive du Profil d’entreprise Google de Clínica Aurora sur un mobile	Demostración ficticia del Perfil de Empresa en Google de Clínica Aurora en un móvil
163	Your business in search.	Votre entreprise dans les recherches.	Tu negocio en las búsquedas.
164	Information, services and photos together in the Business Profile, when the business is eligible.	Informations, services et photos réunis dans le Profil d’entreprise, lorsque l’entreprise est éligible.	Información, servicios y fotos reunidos en el Perfil de Empresa, cuando el negocio es elegible.
165	Demonstration of Clínica Aurora’s professional website adapted for phones	Démonstration du site professionnel de Clínica Aurora adapté au mobile	Demostración del sitio profesional de Clínica Aurora adaptado al móvil
166	02 / Website on mobile	02 / Site sur mobile	02 / Sitio web en el móvil
167	From interest to contact.	De l’intérêt à la prise de contact.	Del interés al contacto.
168	Clear services and an easy-to-find contact button, even on a small screen.	Des services clairs et un bouton de contact facile à trouver, même sur petit écran.	Servicios claros y un botón de contacto fácil de encontrar, también en la pantalla pequeña.
169	Demonstration of Clínica Aurora’s website on a desktop monitor	Démonstration du site de Clínica Aurora sur un écran d’ordinateur	Demostración del sitio de Clínica Aurora en un monitor de ordenador
170	03 / Website on desktop	03 / Site sur ordinateur	03 / Sitio web en el ordenador
171	A presentation worthy of your business.	Une présentation à la hauteur de votre entreprise.	Una presentación a la altura de tu negocio.
172	The same identity, with an experience adapted to every screen.	La même identité, avec une expérience adaptée à chaque écran.	La misma identidad, con una experiencia adaptada a cada pantalla.
173	Illustrative examples featuring the fictional business Clínica Aurora. The project is customized for your business.	Exemples illustratifs avec l’entreprise fictive Clínica Aurora. Le projet est personnalisé pour votre entreprise.	Ejemplos ilustrativos con la empresa ficticia Clínica Aurora. El proyecto se personaliza para tu negocio.
174	Everything included	Tout est inclus	Todo incluido
175	Worldwide Remote Service.	Services à distance dans le monde entier.	Atención remota en todo el mundo.
176	A structure for your digital presence.	Une structure pour votre présence numérique.	Una estructura para tu presencia digital.
177	An end-to-end managed structure, without having to handle hosting, maintenance and optimization on your own.	Une structure suivie de bout en bout, sans avoir à gérer vous-même l’hébergement, la maintenance et les optimisations.	Una estructura acompañada de principio a fin, sin tener que administrar alojamiento, mantenimiento y optimizaciones por tu cuenta.
178	Google Business Profile, when eligible	Profil d’entreprise Google, lorsque l’entreprise est éligible	Perfil de Empresa en Google, cuando el negocio es elegible
179	Professional website and domain	Site professionnel et domaine	Sitio profesional y dominio
180	Hosting, updates and support	Hébergement, mises à jour et support	Alojamiento, actualizaciones y soporte
181	SEO structure and ongoing optimizations	Structure SEO et optimisations continues	Estructura de SEO y optimizaciones continuas
182	Digital presence plan	Forfait de présence numérique	Plan de presencia digital
183	Your digital presence for one year.	Votre présence numérique pendant un an.	Tu presencia digital durante un año.
184	Single annual plan	Forfait annuel unique	Plan único anual
186	No setup fee	Sans frais d’installation	Sin tarifa de implementación
187	Pay by Pix, credit card or boleto.	Payez par Pix, carte de crédit ou boleto.	Paga por Pix, tarjeta de crédito o boleto.
188	Digital presence setup	Mise en place de la présence numérique	Implementación de la presencia digital
189	Professional one-page website	Site professionnel d’une page	Sitio profesional de una página
190	Free domain and hosting	Domaine et hébergement gratuits	Dominio y alojamiento gratis
191	Maintenance	Maintenance	Mantenimiento
192	SEO improvements	Améliorations SEO	Mejoras de SEO
193	Google Business Profile creation and optimization	Création et optimisation du Profil d’entreprise Google	Creación y optimización del Perfil de Empresa en Google
194	Updates and support	Mises à jour et support	Actualizaciones y soporte
195	Bonus included	Bonus inclus	Bono incluido
196	Google Review NFC Card	Carte NFC pour les avis Google	Tarjeta NFC de reseñas de Google
197	You have 7 days to withdraw from the service agreement.	Vous disposez de 7 jours pour vous rétracter.	Tienes 7 días para desistir de la contratación.
198	Illustrative Google review NFC card beside a phone	Modèle illustratif de carte NFC pour les avis Google à côté d’un mobile	Modelo ilustrativo de tarjeta NFC para reseñas de Google junto a un móvil
199	Annual plan bonus	Bonus du forfait annuel	Bono del plan anual
200	Make inviting customers to leave a review easier.	Facilitez l’invitation à laisser un avis.	Facilita la invitación a dejar una reseña.
201	Your customer holds a compatible phone near the NFC card to access your business’s Google review link.	Votre client approche un mobile compatible de la carte NFC pour accéder au lien d’avis de votre entreprise sur Google.	Tu cliente acerca un móvil compatible a la tarjeta NFC para acceder al enlace de reseñas de tu empresa en Google.
202	Illustrative card design. The review is written by the customer.	Modèle illustratif de carte. L’avis est rédigé par le client lui-même.	Modelo ilustrativo de tarjeta. La reseña la hace el propio cliente.
203	Ongoing care	Suivi continu	Seguimiento continuo
204	The website goes live.	Le site est mis en ligne.	El sitio se publica.
205	The work continues.	Le travail continue.	El trabajo continúa.
206	Publishing the website is the first step. We then monitor the Google Business Profile when eligible, keep the website running and up to date, check indexing and make SEO improvements within the contracted scope. The annual plan includes this care for 12 months.	La mise en ligne est la première étape. Ensuite, nous suivons le Profil d’entreprise Google lorsque l’entreprise est éligible, maintenons le site fonctionnel et à jour, vérifions l’indexation et améliorons le SEO selon le périmètre convenu. Le forfait annuel comprend ce suivi pendant 12 mois.	Publicar el sitio es la primera etapa. Después, acompañamos el Perfil de Empresa en Google cuando el negocio es elegible, mantenemos el sitio funcionando y actualizado, revisamos la indexación y mejoramos el SEO según el alcance contratado. El plan anual incluye este cuidado durante 12 meses.
207	Websites built	Sites réalisés	Sitios creados
208	 by Ravyt.	 par Ravyt.	 por Ravyt.
209	Conceptual demonstrations and published websites, presented in motion.	Démonstrations conceptuelles et sites publiés, présentés en mouvement.	Demostraciones conceptuales y sitios publicados, presentados en movimiento.
210	Explore the projects ↗	Découvrir les projets ↗	Conocer los proyectos ↗
211	Who looks after the structure	Qui s’occupe de la structure	Quién cuida la estructura
212	Search and experience.	Recherche et expérience.	Búsqueda y experiencia.
213	In the same direction.	Dans la même direction.	En la misma dirección.
214	Meet Ravyt →	Découvrir Ravyt →	Conocer Ravyt →
215	Before you decide	Avant de décider	Antes de decidir
216	Good questions.	De bonnes questions.	Buenas preguntas.
217	Clear answers.	Des réponses claires.	Respuestas claras.
218	Your next step	Votre prochaine étape	Tu siguiente paso
219	Your next customers are already searching on Google.	Vos prochains clients font déjà des recherches sur Google.	Tus próximos clientes ya están buscando en Google.
220	Let’s prepare your business to be found by them.	Préparons votre entreprise pour qu’ils la trouvent.	Vamos a preparar tu empresa para que la encuentren.
221	Cookie Policy	Politique relative aux cookies	Política de cookies
222	How Ravyt Digital uses essential storage and consent-based measurement.	Comment Ravyt Digital utilise le stockage essentiel et la mesure avec consentement.	Cómo utiliza Ravyt Digital el almacenamiento esencial y la medición con consentimiento.
223	Privacy and choice	Confidentialité et choix	Privacidad y elección
224	October 4, 2026	4 octobre 2026	4 de octubre de 2026
225	This policy explains how the Ravyt Digital website uses local storage and measurement technologies.	Cette politique explique comment le site de Ravyt Digital utilise le stockage local et les technologies de mesure.	Esta política explica cómo utiliza el sitio de Ravyt Digital el almacenamiento local y las tecnologías de medición.
226	1. Essential storage	1. Stockage essentiel	1. Almacenamiento esencial
227	We use strictly necessary local storage to record your choice to accept or refuse measurement features. This feature is not used to create profiles.	Nous utilisons un stockage local strictement nécessaire pour enregistrer votre choix d’accepter ou de refuser les fonctions de mesure. Cette fonction ne sert pas à créer des profils.	Utilizamos almacenamiento local estrictamente necesario para registrar tu decisión de aceptar o rechazar las funciones de medición. Esta función no se utiliza para crear perfiles.
228	2. Consent-based measurement	2. Mesure avec consentement	2. Medición con consentimiento
229	Google Analytics, the Meta Pixel, the Meta Conversions API and our own measurement are only activated after acceptance. They may record page views, scrolling, external clicks, downloads, video interactions, internal searches, WhatsApp, email and phone clicks, primary calls to action and completed form submissions. None of these events includes names, email addresses, phone numbers, message content, health data or other personal or sensitive information.	Google Analytics, le Pixel Meta, l’API Conversions de Meta et notre propre mesure ne sont activés qu’après acceptation. Ils peuvent enregistrer les pages vues, défilements, clics externes, téléchargements, interactions vidéo, recherches internes, clics sur WhatsApp, e-mail et téléphone, appels à l’action principaux et envois de formulaires terminés. Aucun de ces événements ne comprend de nom, d’adresse e-mail, de numéro de téléphone, de contenu de message, de données de santé ou d’autres informations personnelles ou sensibles.	Google Analytics, el píxel de Meta, la API de conversiones de Meta y la medición propia solo se activan tras la aceptación. Pueden registrar vistas de páginas, desplazamientos, clics externos, descargas, interacciones con vídeos, búsquedas internas, clics en WhatsApp, correo y teléfono, llamadas a la acción principales y envíos completados de formularios. Ninguno de estos eventos incluye nombres, correos, teléfonos, contenido de mensajes, datos de salud u otra información personal o sensible.
230	3. Refusal	3. Refus	3. Rechazo
231	If you refuse, nonessential Google and Meta measurement features remain disabled. WhatsApp and email links continue to work normally.	En cas de refus, les fonctions de mesure non essentielles de Google et Meta restent désactivées. Les liens WhatsApp et e-mail continuent à fonctionner normalement.	Al rechazar, las funciones de medición no esenciales de Google y Meta permanecen desactivadas. Los enlaces de WhatsApp y correo siguen funcionando con normalidad.
232	4. Changing your choice	4. Modifier votre choix	4. Cambiar la elección
233	Use “Change privacy preferences” at the bottom of any page. If you refuse, new events stop being sent. Meta measurement may be used for advertising campaign attribution and optimization, always subject to your acceptance.	Utilisez « Modifier les préférences de confidentialité » en bas de chaque page. En cas de refus, les nouveaux événements ne sont plus envoyés. La mesure de Meta peut servir à l’attribution et à l’optimisation des campagnes publicitaires, toujours sous réserve de votre acceptation.	Usa «Cambiar preferencias de privacidad» al final de cualquier página. Al rechazar, dejan de enviarse nuevos eventos. La medición de Meta puede utilizarse para la atribución y optimización de campañas publicitarias, siempre sujeta a tu aceptación.
234	5. Contact	5. Contact	5. Contacto
235	Questions can be sent to	Les questions peuvent être envoyées à	Las dudas pueden enviarse a
238	Privacy Policy	Politique de confidentialité	Política de privacidad
239	Understand how Ravyt Digital handles personal data, cookie preferences and data subject requests.	Découvrez comment Ravyt Digital traite les données personnelles, les préférences de cookies et les demandes des personnes concernées.	Comprende cómo trata Ravyt Digital los datos personales, las preferencias de cookies y las solicitudes de los titulares.
240	Privacy and transparency	Confidentialité et transparence	Privacidad y transparencia
241	Ravyt Digital respects your privacy. This policy clearly explains which data may be processed during your interaction with our website and contact channels.	Ravyt Digital respecte votre vie privée. Cette politique explique clairement quelles données peuvent être traitées lors de vos interactions avec notre site et nos canaux de contact.	Ravyt Digital respeta tu privacidad. Esta política explica claramente qué datos pueden tratarse durante tu interacción con nuestro sitio y canales de contacto.
242	1. Who is responsible for the data	1. Qui est responsable des données	1. Quién es responsable de los datos
243	Ravyt Digital acts as the controller of personal data related to this website and commercial contacts received through its channels. Questions or requests can be sent to	Ravyt Digital agit en tant que responsable du traitement des données personnelles liées à ce site et aux contacts commerciaux reçus via ses canaux. Les questions ou demandes peuvent être envoyées à	Ravyt Digital actúa como responsable del tratamiento de los datos personales relacionados con este sitio y los contactos comerciales recibidos por sus canales. Las dudas o solicitudes pueden enviarse a
244	2. What information may be collected	2. Quelles informations peuvent être collectées	2. Qué información puede recopilarse
245	Information you choose to send directly via WhatsApp or email, under the rules of the chosen channel;	Les informations que vous décidez d’envoyer directement par WhatsApp ou e-mail, selon les règles du canal choisi ;	Información que decidas enviar directamente por WhatsApp o correo, bajo las reglas del canal elegido;
246	Name, company, email, phone number, services of interest and message when you submit the contact form;	Nom, entreprise, e-mail, téléphone, services souhaités et message lorsque vous envoyez le formulaire de contact ;	Nombre, empresa, correo, teléfono, servicios de interés y mensaje cuando envías el formulario de contacto;
247	Essential technical data, such as IP address, device type, browser and security logs provided by the hosting infrastructure;	Données techniques essentielles, comme l’adresse IP, le type d’appareil, le navigateur et les journaux de sécurité fournis par l’infrastructure d’hébergement ;	Datos técnicos esenciales, como dirección IP, tipo de dispositivo, navegador y registros de seguridad proporcionados por la infraestructura de alojamiento;
248	Your choice regarding cookies and measurement features, stored locally on your device.	Votre choix relatif aux cookies et aux fonctions de mesure, stocké localement sur l’appareil.	Tu elección sobre cookies y funciones de medición, almacenada localmente en el dispositivo.
249	Measurement events do not include names, email addresses, phone numbers, message content, health data or other personal or sensitive information entered in forms.	Les événements de mesure ne comprennent pas de nom, d’e-mail, de téléphone, de contenu de message, de données de santé ou d’autres informations personnelles ou sensibles saisies dans les formulaires.	Los eventos de medición no incluyen nombres, correos, teléfonos, contenido de mensajes, datos de salud u otra información personal o sensible introducida en los formularios.
250	3. What we use this information for	3. À quelles fins nous utilisons ces informations	3. Para qué usamos esta información
251	Data may be used to respond to requests, prepare proposals, provide contracted services, maintain website security and operation, improve the experience and comply with legal or regulatory obligations.	Les données peuvent servir à répondre aux demandes, préparer des propositions, fournir les services convenus, maintenir la sécurité et le fonctionnement du site, améliorer l’expérience et respecter les obligations légales ou réglementaires.	Los datos pueden usarse para responder solicitudes, preparar propuestas, prestar servicios contratados, mantener la seguridad y el funcionamiento del sitio, mejorar la experiencia y cumplir obligaciones legales o reglamentarias.
252	4. Grounds for processing	4. Fondements du traitement	4. Fundamentos del tratamiento
253	Processing takes place under the applicable grounds of Brazil’s General Data Protection Law, including consent, contract-related procedures, compliance with legal obligations and legitimate interest assessed with respect for the data subject’s rights. Consult the	Le traitement s’effectue selon les fondements applicables de la Loi générale brésilienne de protection des données, notamment le consentement, les procédures contractuelles, le respect d’obligations légales et l’intérêt légitime évalué dans le respect des droits de la personne concernée. Consultez le	El tratamiento se realiza según los supuestos aplicables de la Ley General de Protección de Datos de Brasil, incluidos el consentimiento, los procedimientos relacionados con contratos, el cumplimiento de obligaciones legales y el interés legítimo evaluado respetando los derechos del titular. Consulta el
254	 official consolidated text of the LGPD	 texte officiel consolidé de la LGPD	 texto oficial consolidado de la LGPD
255	5. Cookies and local storage	5. Cookies et stockage local	5. Cookies y almacenamiento local
256	The website uses essential storage to remember your privacy choice. After acceptance, our own monitoring, Google Analytics managed through Google Tag Manager, the Meta Pixel and the Meta Conversions API record page views, scrolling, downloads, video interactions, internal searches, contact-channel clicks and completed form submissions. We do not send these tools personal data entered in forms or message content. Meta measurement may support attribution, remarketing and advertising campaign optimization. You can revoke or change your authorization using the “Change privacy preferences” button at the bottom of every page.	Le site utilise un stockage essentiel pour mémoriser votre choix de confidentialité. Après votre acceptation, notre propre suivi, Google Analytics géré par Google Tag Manager, le Pixel Meta et l’API Conversions de Meta enregistrent les pages vues, défilements, téléchargements, interactions vidéo, recherches internes, clics sur les canaux de contact et envois de formulaires terminés. Nous n’envoyons à ces outils ni les données personnelles saisies dans les formulaires ni le contenu des messages. La mesure de Meta peut soutenir l’attribution, le remarketing et l’optimisation des campagnes publicitaires. Vous pouvez retirer ou modifier votre autorisation avec le bouton « Modifier les préférences de confidentialité » en bas de chaque page.	El sitio utiliza almacenamiento esencial para recordar tu elección de privacidad. Tras tu aceptación, la medición propia, Google Analytics administrado por Google Tag Manager, el píxel de Meta y la API de conversiones de Meta registran vistas, desplazamientos, descargas, interacciones con vídeos, búsquedas internas, clics en canales de contacto y envíos completados de formularios. No enviamos a estas herramientas los datos personales de los formularios ni el contenido de los mensajes. La medición de Meta puede apoyar la atribución, el remarketing y la optimización de campañas publicitarias. Puedes revocar o cambiar tu autorización con el botón «Cambiar preferencias de privacidad», disponible al final de todas las páginas.
257	6. Sharing	6. Partage	6. Uso compartido
258	We do not sell personal data. Information may only be shared with providers necessary for hosting, communication, security, measurement and service delivery, including Google and Meta when consent has been given, within the appropriate limits for each purpose, or when legally required.	Nous ne vendons pas de données personnelles. Les informations peuvent être partagées uniquement avec les prestataires nécessaires à l’hébergement, la communication, la sécurité, la mesure et l’exécution des services, notamment Google et Meta en cas de consentement, dans les limites adaptées à chaque finalité, ou en cas d’obligation légale.	No vendemos datos personales. La información solo puede compartirse con proveedores necesarios para alojamiento, comunicación, seguridad, medición y ejecución de servicios, incluidos Google y Meta cuando existe consentimiento, dentro del límite adecuado para cada finalidad o por obligación legal.
259	7. Retention and security	7. Conservation et sécurité	7. Conservación y seguridad
260	Data is kept only for the time necessary for the stated purpose, the commercial relationship or compliance with applicable obligations. We adopt reasonable organizational and security measures, although no digital environment is completely immune to risks.	Les données sont conservées uniquement pendant la durée nécessaire à la finalité indiquée, à la relation commerciale ou au respect des obligations applicables. Nous adoptons des mesures raisonnables d’organisation et de sécurité, bien qu’aucun environnement numérique ne soit totalement à l’abri des risques.	Los datos se conservan solo durante el tiempo necesario para la finalidad indicada, la relación comercial o el cumplimiento de obligaciones aplicables. Adoptamos medidas razonables de organización y seguridad, aunque ningún entorno digital está totalmente exento de riesgos.
261	8. Your rights	8. Vos droits	8. Tus derechos
262	Under applicable law, you may request confirmation of processing, access, correction, information about sharing, anonymization, blocking or deletion where applicable, and revoke consent. To exercise your rights, use the email address provided on this page.	Selon la législation applicable, vous pouvez demander confirmation du traitement, accès, rectification, informations sur les partages, anonymisation, blocage ou suppression lorsqu’ils sont applicables, ainsi que retirer votre consentement. Pour exercer vos droits, utilisez l’e-mail indiqué sur cette page.	Según la legislación aplicable, puedes solicitar confirmación del tratamiento, acceso, rectificación, información sobre uso compartido, anonimización, bloqueo o eliminación cuando corresponda, y revocar consentimientos. Para ejercer tus derechos, usa el correo indicado en esta página.
263	9. External links and updates	9. Liens externes et mises à jour	9. Enlaces externos y actualizaciones
264	Email links and other services follow those platforms’ own policies. This policy may be updated to reflect changes to the website, services or legislation; the current version’s date will always be shown at the top.	Les liens vers l’e-mail ou d’autres services suivent les politiques propres à ces plateformes. Cette politique peut être mise à jour pour refléter des changements du site, des services ou de la législation ; la date de la version en vigueur sera toujours indiquée en haut.	Los enlaces de correo u otros servicios siguen las políticas de esas plataformas. Esta política puede actualizarse para reflejar cambios en el sitio, los servicios o la legislación; la fecha de la versión vigente siempre se indicará arriba.
265	How Much Does a Website Cost? Understanding the Quote	Combien coûte un site ? Comprendre le devis	¿Cuánto cuesta crear un sitio web? Entiende el presupuesto
266	Google + Website + SEO: single annual plan of R$ 597,00, payable by Pix, card or boleto with setup included, a professional website, domain, hosting, updates and support.	Google + Site + SEO : forfait annuel unique de R$ 597,00, payable par Pix, carte ou boleto, installation incluse, avec site professionnel, domaine, hébergement, mises à jour et support.	Google + Sitio web + SEO: plan único anual de R$ 597,00, pagado por Pix, tarjeta o boleto, con implementación incluida, sitio profesional, dominio, alojamiento, actualizaciones y soporte.
267	A single-page website and a multipage corporate website require different amounts of planning, copy, design and review.	Un site d’une page et un site institutionnel multipage exigent des volumes différents de planification, textes, design et vérification.	Una página única y un sitio institucional con varias páginas requieren distintas cantidades de planificación, textos, diseño y revisión.
268	Content	Contenu	Contenido
269	Existing copy, images and materials affect the work required. The proposal must state who supplies and reviews each item.	Les textes, images et éléments déjà disponibles modifient le travail nécessaire. La proposition doit préciser qui fournit et vérifie chaque élément.	Los textos, imágenes y materiales ya disponibles modifican el trabajo necesario. La propuesta debe indicar quién aporta y revisa cada elemento.
270	Features	Fonctionnalités	Funciones
271	Forms, integrations, catalogs and other features must be detailed before the quote. An online store has its own scope.	Les formulaires, intégrations, catalogues et autres fonctionnalités doivent être détaillés avant le devis. Une boutique en ligne a son propre périmètre.	Los formularios, integraciones, catálogos y otras funciones deben detallarse antes del presupuesto. Una tienda en línea tiene su propio alcance.
272	Recurring costs	Coûts récurrents	Costes recurrentes
273	Domain registration and renewal, hosting, third-party tools and maintenance must be itemized. Monthly and annual charges must be clear.	L’enregistrement et le renouvellement du domaine, l’hébergement, les outils tiers et la maintenance doivent être détaillés. Les coûts mensuels et annuels doivent être clairs.	El registro y la renovación del dominio, el alojamiento, las herramientas de terceros y el mantenimiento deben desglosarse. Debe quedar claro qué es mensual o anual.
274	How much does a website cost?	Combien coûte la création d’un site ?	¿Cuánto cuesta crear un sitio web?
275	Website creation quote	Devis de création de sites	Presupuesto de creación de sitios web
276	Website creation quote	Devis de création de site	Presupuesto de creación de un sitio web
277	How much does a professional website cost?	Combien coûte la création d’un site professionnel ?	¿Cuánto cuesta crear un sitio web profesional?
278	The Google + Website + SEO offer has a single annual plan of R$ 597,00, payable by Pix, card or boleto, with setup included and a Google Review NFC Card as a bonus. The professional website includes domain, hosting, updates and support, with the scope detailed in the proposal.	L’offre Google + Site + SEO propose un forfait annuel unique de R$ 597,00, payable par Pix, carte ou boleto, avec installation incluse et une carte NFC pour les avis Google en bonus. Le site professionnel comprend domaine, hébergement, mises à jour et support, avec un périmètre détaillé dans la proposition.	La oferta Google + Sitio web + SEO tiene un plan único anual de R$ 597,00, pagado por Pix, tarjeta o boleto, con implementación incluida y una tarjeta NFC de reseñas de Google como bono. El sitio profesional incluye dominio, alojamiento, actualizaciones y soporte, con alcance detallado en la propuesta.
279	Hello! I’d like a quote to create a website. My business is:	Bonjour ! Je souhaite un devis pour créer un site. Mon entreprise :	¡Hola! Quiero pedir un presupuesto para crear un sitio web. Mi negocio es:
280	REQUEST A WEBSITE QUOTE	DEMANDER UN DEVIS POUR LE SITE	PEDIR PRESUPUESTO DEL SITIO WEB
281	What affects the price	Ce qui modifie le prix	Qué modifica el precio
282	The same word “website” can describe very different projects.	Le même mot « site » peut désigner des projets très différents.	La misma palabra «sitio web» puede describir proyectos muy diferentes.
283	A one-page site presenting a service has a different scope from a corporate website with multiple areas, original content and additional features. A price alone therefore does not tell you whether two proposals deliver the same thing.	Un site d’une page présentant un service n’a pas le même périmètre qu’un site institutionnel avec plusieurs rubriques, des contenus propres et des fonctionnalités supplémentaires. Un prix isolé ne permet donc pas de savoir si deux propositions livrent la même chose.	Un sitio de una página para presentar un servicio tiene un alcance diferente al de un sitio institucional con varias áreas, contenidos propios y funciones adicionales. Por eso, un precio aislado no indica si dos propuestas entregan lo mismo.
284	The single annual plan costs R$ 597,00, payable by Pix, card or boleto. It includes setup, maintenance for 12 months and a Google Review NFC Card as a bonus. Page planning and responsibilities are detailed in the proposal.	Le forfait annuel unique coûte R$ 597,00, payable par Pix, carte ou boleto. Il comprend l’installation, la maintenance pendant 12 mois et une carte NFC pour les avis Google en bonus. La planification des pages et les responsabilités sont détaillées dans la proposition.	El plan único anual cuesta R$ 597,00, pagado por Pix, tarjeta o boleto. Incluye implementación, mantenimiento durante 12 meses y una tarjeta NFC de reseñas de Google como bono. La planificación de las páginas y las responsabilidades se detallan en la propuesta.
285	See the website creation service with a custom domain →	Découvrez le service de création de sites avec domaine propre →	Conoce el servicio de creación de sitios con dominio propio →
286	Before hiring	Avant de commander	Antes de contratar
287	What to ask for in a website quote.	Que demander dans un devis de site.	Qué pedir en un presupuesto de sitio web.
288	Number of pages, copy, design for phones and computers, review and publication.	Nombre de pages, textes, design pour mobile et ordinateur, vérification et publication.	Número de páginas, textos, diseño para móvil y ordenador, revisión y publicación.
289	Domain and hosting	Domaine et hébergement	Dominio y alojamiento
290	Who registers it, who pays renewal and who manages access after delivery.	Qui l’enregistre, qui paie le renouvellement et qui gère les accès après la livraison.	Quién registra, quién paga la renovación y quién administra los accesos después de la entrega.
291	What will be updated, for how long and which services are charged separately.	Ce qui sera mis à jour, pendant combien de temps et quels services sont facturés séparément.	Qué se actualizará, durante cuánto tiempo y qué servicios se cobran aparte.
292	Schedule and approval	Délais et validation	Plazos y aprobación
293	Project stages, materials needed from the client and number of revision rounds.	Étapes du projet, éléments à fournir par le client et nombre de cycles de révision.	Etapas del proyecto, materiales necesarios del cliente y número de rondas de revisión.
294	Understand the proposal	Comprendre la proposition	Entiende la propuesta
295	Is a custom domain included in the price?	Le domaine propre est-il inclus dans le prix ?	¿El dominio propio está incluido en el precio?
296	Domain and hosting are included in the monthly fee. The proposal specifies domain ownership, access and conditions.	Le domaine et l’hébergement sont inclus dans la mensualité. La proposition précise la titularité, les accès et les conditions du domaine.	El dominio y el alojamiento están incluidos en la mensualidad. La propuesta especifica titularidad, accesos y condiciones del dominio.
297	Does the quote include maintenance?	Le devis comprend-il la maintenance ?	¿El presupuesto incluye mantenimiento?
298	Yes. Creation, updates and support are included in the monthly Google + Website + SEO offer. The proposal specifies the scope of changes.	Oui. La création, les mises à jour et le support sont inclus dans l’offre mensuelle Google + Site + SEO. La proposition précise le périmètre des modifications.	Sí. La creación, las actualizaciones y el soporte están incluidos en la oferta mensual Google + Sitio web + SEO. La propuesta especifica el alcance de los cambios.
299	Does a more expensive website guarantee first place on Google?	Un site plus cher garantit-il la première position sur Google ?	¿Un sitio más caro garantiza la primera posición en Google?
300	No. Technical structure and content can help search engines understand pages, but nobody can guarantee a specific position.	Non. La structure technique et le contenu peuvent aider les moteurs de recherche à comprendre les pages, mais personne ne peut garantir une position précise.	No. La estructura técnica y el contenido pueden ayudar a los buscadores a entender las páginas, pero nadie puede garantizar una posición específica.
301	Google + Website + SEO: choose your plan.	Google + Site + SEO : choisissez votre forfait.	Google + Sitio web + SEO: elige tu plan.
302	Tell us what services you offer, whether you already have a domain and which pages you think you need. Ravyt serves clients worldwide.	Dites-nous quels services vous proposez, si vous avez déjà un domaine et quelles pages vous pensez nécessaires. Ravyt accompagne les clients du monde entier.	Dinos qué servicios ofreces, si ya tienes dominio y qué páginas crees necesitar. Ravyt atiende en todo el mundo.
303	REQUEST A QUOTE	DEMANDER UN DEVIS	SOLICITAR PRESUPUESTO
304	Strategic SEO for businesses	SEO stratégique pour les entreprises	SEO estratégico para empresas
305	Bring your business closer to people looking for your solution. Technical SEO, content and page architecture focused on search intent.	Rapprochez votre entreprise de ceux qui recherchent votre solution. SEO technique, contenu et architecture des pages centrés sur l’intention de recherche.	Acerca tu empresa a quienes buscan tu solución. SEO técnico, contenido y arquitectura de páginas centrados en la intención de búsqueda.
306	Strategic Websites with UX, Copywriting and SEO	Sites stratégiques avec UX, rédaction et SEO	Sitios estratégicos con UX, redacción y SEO
307	Turn discovery into trust and contact. Responsive websites with UX/UI, copywriting, technical SEO and conversion measurement.	Transformez la découverte en confiance et en contact. Sites adaptatifs avec UX/UI, rédaction, SEO technique et mesure des conversions.	Transforma el descubrimiento en confianza y contacto. Sitios adaptables con UX/UI, redacción, SEO técnico y medición de conversiones.
308	Websites for Engineering Companies	Sites pour les entreprises d’ingénierie	Sitios web para empresas de ingeniería
309	Website creation for engineering companies with Google Business Profile and SEO. Google + Website + SEO in a single annual plan of R$ 597,00, payable by Pix, card or boleto, with remote service.	Création de sites pour les entreprises d’ingénierie avec Profil d’entreprise Google et SEO. Google + Site + SEO avec un forfait annuel unique de R$ 597,00, payable par Pix, carte ou boleto, avec services à distance.	Creación de sitios para empresas de ingeniería con Perfil de Empresa en Google y SEO. Google + Sitio web + SEO en el plan único anual de R$ 597,00, pagado por Pix, tarjeta o boleto, con atención remota.
310	Websites for Architecture Firms	Sites pour les cabinets d’architecture	Sitios web para estudios de arquitectura
311	Websites for architecture firms with a clear portfolio, Google Business Profile and SEO. Google + Website + SEO in a single annual plan of R$ 597,00, payable by Pix, card or boleto.	Sites pour les cabinets d’architecture avec portfolio clair, Profil d’entreprise Google et SEO. Google + Site + SEO avec un forfait annuel unique de R$ 597,00, payable par Pix, carte ou boleto.	Sitios para estudios de arquitectura con portafolio claro, Perfil de Empresa en Google y SEO. Google + Sitio web + SEO en el plan único anual de R$ 597,00, pagado por Pix, tarjeta o boleto.
312	Websites for Custom Furniture Companies	Sites pour les entreprises de meubles sur mesure	Sitios web para empresas de muebles a medida
313	Websites for custom furniture businesses with projects, easy contact and SEO. Google Business Profile + website + SEO in a single annual plan of R$ 597,00, payable by Pix, card or boleto.	Sites pour les entreprises de meubles sur mesure avec projets, contact facile et SEO. Profil d’entreprise Google + site + SEO avec un forfait annuel unique de R$ 597,00, payable par Pix, carte ou boleto.	Sitios para empresas de muebles a medida con proyectos, contacto fácil y SEO. Perfil de Empresa en Google + sitio web + SEO en el plan único anual de R$ 597,00, pagado por Pix, tarjeta o boleto.
314	About Ravyt — search and experience in the same direction	À propos de Ravyt — recherche et expérience dans la même direction	Sobre Ravyt: búsqueda y experiencia en la misma dirección
315	Meet Ytala Cabral and Marcio Cabral: SEO, Google Business Profile, copywriting, UX/UI and Web Design connected to the customer’s decision journey.	Découvrez Ytala Cabral et Marcio Cabral : SEO, Profil d’entreprise Google, rédaction, UX/UI et web design reliés au parcours de décision du client.	Conoce a Ytala Cabral y Marcio Cabral: SEO, Perfil de Empresa en Google, redacción, UX/UI y diseño web conectados al recorrido de decisión del cliente.
316	Ravyt Digital	Ravyt Digital	Ravyt Digital
317	Be found.	Être trouvée.	Ser encontrada.
318	Be understood.	Être comprise.	Ser comprendida.
319	Be chosen.	Être choisie.	Ser elegida.
320	We connect search, messaging and experience so your digital presence helps customers decide. Remote service worldwide.	Nous relions recherche, message et expérience pour que votre présence numérique aide le client à décider. Services à distance dans le monde entier.	Conectamos búsqueda, mensaje y experiencia para que tu presencia digital ayude al cliente a decidir. Atención remota en todo el mundo.
321	A sequence with purpose.	Une séquence avec un objectif.	Una secuencia con propósito.
322	Google + Website + SEO. We organize the Google Business Profile, create and maintain the website and improve its search structure.	Google + Site + SEO. Nous organisons le Profil d’entreprise Google, créons et maintenons le site et améliorons sa structure pour les recherches.	Google + Sitio web + SEO. Organizamos el Perfil de Empresa en Google, creamos y mantenemos el sitio y mejoramos su estructura para las búsquedas.
323	Testimonial about the partnership	Témoignage sur la collaboration	Testimonio sobre la colaboración
324	Clarity is also built through partnership.	La clarté se construit aussi dans la collaboration.	La claridad también se construye en la colaboración.
325	“From the start, she understood very quickly what I wanted to do and what my needs were.”	« Dès le début, elle a très vite compris ce que je voulais faire et quels étaient mes besoins. »	«Desde el principio, entendió muy rápido lo que yo quería hacer y cuáles eran mis necesidades».
326	Rafaela Zanandrea · Intercultural psychologist	Rafaela Zanandrea · Psychologue interculturelle	Rafaela Zanandrea · Psicóloga intercultural
327	Terms of Use	Conditions d’utilisation	Términos de uso
328	Conditions for accessing and using the Ravyt Digital website.	Conditions d’accès et d’utilisation du site de Ravyt Digital.	Condiciones de acceso y uso del sitio de Ravyt Digital.
329	Access conditions	Conditions d’accès	Condiciones de acceso
330	By browsing the Ravyt Digital website, you agree to these terms. If you disagree with any condition, stop using the website.	En naviguant sur le site de Ravyt Digital, vous acceptez ces conditions. Si vous n’acceptez pas une condition, cessez d’utiliser le site.	Al navegar por el sitio de Ravyt Digital, aceptas estos términos. Si no estás de acuerdo con alguna condición, deja de utilizar el sitio.
331	1. Website purpose	1. Objet du site	1. Finalidad del sitio
332	This website presents Ravyt Digital, its Google, website and SEO services, and content about digital presence. The content is institutional and informational.	Ce site présente Ravyt Digital, ses services Google, sites et SEO ainsi que des contenus sur la présence numérique. Le contenu est institutionnel et informatif.	Este sitio presenta Ravyt Digital, sus servicios de Google, sitios web y SEO y contenidos sobre presencia digital. El contenido es institucional e informativo.
333	2. Proposals and service agreements	2. Propositions et contrats	2. Propuestas y contratación
334	Messages, estimates, examples and website content do not constitute a contract or final offer. Each project’s scope, schedule, prices, responsibilities and conditions will be defined in a proposal and contract sent to the client before payment.	Les messages, estimations, exemples et contenus du site ne constituent ni un contrat ni une offre définitive. Le périmètre, les délais, les prix, les responsabilités et les conditions de chaque projet seront définis dans une proposition et un contrat envoyés au client avant le paiement.	Los mensajes, estimaciones, ejemplos y contenidos del sitio no constituyen un contrato ni una oferta definitiva. El alcance, los plazos, los precios, las responsabilidades y las condiciones de cada proyecto se definirán en una propuesta y un contrato enviados al cliente antes del pago.
335	3. Intellectual property	3. Propriété intellectuelle	3. Propiedad intelectual
336	The brand, visual identity, texts, layouts, graphics, code and other content produced by Ravyt are protected by applicable law. Copying, adapting, publishing, selling or exploiting these materials without permission is prohibited, subject to the rights of identified clients and third parties.	La marque, l’identité visuelle, les textes, mises en page, éléments graphiques, codes et autres contenus produits par Ravyt sont protégés par la législation applicable. Il est interdit de copier, adapter, publier, vendre ou exploiter ces éléments sans autorisation, sous réserve des droits des clients et tiers identifiés.	La marca, identidad visual, textos, diseños, elementos gráficos, códigos y demás contenidos producidos por Ravyt están protegidos por la legislación aplicable. No se permite copiar, adaptar, publicar, vender o explotar estos materiales sin autorización, sin perjuicio de los derechos de clientes y terceros identificados.
337	4. Appropriate use	4. Utilisation appropriée	4. Uso adecuado
338	You agree not to use the website to violate laws, third-party rights, security measures or service availability; introduce malicious code; attempt unauthorized access; or reproduce content improperly.	Vous vous engagez à ne pas utiliser le site pour violer des lois, les droits de tiers, les mesures de sécurité ou la disponibilité du service ; introduire du code malveillant ; tenter un accès non autorisé ; ou reproduire le contenu de façon abusive.	Te comprometes a no utilizar el sitio para infringir leyes, derechos de terceros, medidas de seguridad o disponibilidad del servicio; introducir código malicioso; intentar accesos no autorizados; o reproducir contenido indebidamente.
339	5. Third-party links and services	5. Liens et services de tiers	5. Enlaces y servicios de terceros
340	The website may link to email services or external pages. Ravyt does not control the availability, content or policies of those environments, which are governed by their own terms.	Le site peut renvoyer vers des services d’e-mail ou des pages externes. Ravyt ne contrôle pas la disponibilité, les contenus ni les politiques de ces environnements, qui sont régis par leurs propres conditions.	El sitio puede dirigir a servicios de correo o páginas externas. Ravyt no controla la disponibilidad, el contenido ni las políticas de esos entornos, que se rigen por sus propios términos.
341	6. Availability and information	6. Disponibilité et informations	6. Disponibilidad e información
342	We aim to keep the website current and working properly, but outages, maintenance or outdated information may occur. Nothing in these terms excludes rights that cannot be waived under applicable law.	Nous cherchons à maintenir le site à jour et fonctionnel, mais des indisponibilités, opérations de maintenance ou informations obsolètes peuvent survenir. Rien dans ces conditions n’exclut des droits auxquels il ne peut être dérogé selon la législation applicable.	Buscamos mantener el sitio actualizado y funcionando correctamente, pero pueden ocurrir indisponibilidades, mantenimiento o información desactualizada. Nada en estos términos excluye derechos que no puedan ser limitados por la legislación aplicable.
343	7. Privacy	7. Confidentialité	7. Privacidad
344	Personal data processing related to the website is explained in our	Le traitement des données personnelles lié au site est expliqué dans notre	El tratamiento de datos personales relacionado con el sitio se explica en nuestra
345	8. Changes and legislation	8. Modifications et législation	8. Cambios y legislación
346	These terms may be updated to reflect changes to the website or services. The current version is identified by the date shown at the top and interpreted under Brazilian law, observing the legal rules on jurisdiction.	Ces conditions peuvent être mises à jour pour accompagner les changements du site ou des services. La version en vigueur est identifiée par la date en haut et interprétée selon la législation brésilienne, dans le respect des règles légales de compétence.	Estos términos pueden actualizarse para reflejar cambios en el sitio o los servicios. La versión vigente se identifica por la fecha mostrada arriba y se interpreta conforme a la legislación brasileña, respetando las normas legales de competencia.
347	9. Contact	9. Contact	9. Contacto
348	Questions about these terms can be sent to	Les questions concernant ces conditions peuvent être envoyées à	Las dudas sobre estos términos pueden enviarse a
352	Ravyt Digital — home page	Ravyt Digital — page d’accueil	Ravyt Digital — página de inicio
353	Main navigation	Navigation principale	Navegación principal
354	Local Presence	Présence locale	Presencia local
355	About Ravyt	À propos de Ravyt	Sobre Ravyt
356	SEO, local presence and strategic websites to help your business be found and chosen.	SEO, présence locale et sites stratégiques pour que votre entreprise soit trouvée et choisie.	SEO, presencia local y sitios estratégicos para que tu empresa sea encontrada y elegida.
357	Footer links	Liens du pied de page	Enlaces del pie de página
358	Strategic Websites	Sites stratégiques	Sitios estratégicos
359	Assessment	Diagnostic	Diagnóstico
360	Talk on WhatsApp (opens in a new tab)	Échanger sur WhatsApp (s’ouvre dans un nouvel onglet)	Hablar por WhatsApp (se abre en una pestaña nueva)
363	Remote service worldwide ·	Services à distance dans le monde entier ·	Atención remota en todo el mundo ·
366	Digital communication and website creation.	Communication numérique et création de sites.	Comunicación digital y creación de sitios web.
367	Website Developed By	Site développé par	Sitio desarrollado por
368	Breadcrumb trail	Fil d’Ariane	Ruta de la página
369	I want to strengthen my Google presence	Je veux renforcer ma présence sur Google	Quiero fortalecer mi presencia en Google
370	Your customer is already searching.	Votre client cherche déjà.	Tu cliente ya está buscando.
371	What do they find about you?	Que trouve-t-il sur vous ?	¿Qué encuentra sobre ti?
372	Let’s look at your business and understand what needs attention first.	Examinons votre entreprise pour comprendre ce qui mérite une attention prioritaire.	Veamos tu negocio y entendamos qué necesita atención primero.
373	Be found and understood	Être trouvée et comprise	Ser encontrada y comprendida
374	SEO · Google Business Profile · Copywriting	SEO · Profil d’entreprise Google · Rédaction	SEO · Perfil de Empresa en Google · Redacción
375	Research, search intent and messaging. Ytala connects what your customer looks for with what your business needs to communicate.	Recherche, intention de recherche et message. Ytala relie ce que votre client cherche à ce que votre entreprise doit communiquer.	Investigación, intención de búsqueda y mensaje. Ytala conecta lo que busca tu cliente con lo que tu empresa necesita comunicar.
377	Be chosen and contacted	Être choisie et contactée	Ser elegida y contactada
378	UX/UI · Web Design	UX/UI · Web design	UX/UI · Diseño web
379	Architecture, design and implementation. Marcio turns strategy into a clear, accessible experience ready for the next click.	Architecture, design et mise en œuvre. Marcio transforme la stratégie en une expérience claire, accessible et prête pour le prochain clic.	Arquitectura, diseño e implementación. Marcio transforma la estrategia en una experiencia clara, accesible y preparada para el siguiente clic.
380	Website Creation	Création de sites	Creación de sitios web
381	Enter your name.	Indiquez votre nom.	Introduce tu nombre.
382	Enter your email.	Indiquez votre e-mail.	Introduce tu correo.
383	Enter a valid email.	Indiquez un e-mail valide.	Introduce un correo válido.
384	Enter your WhatsApp number.	Indiquez votre numéro WhatsApp.	Introduce tu WhatsApp.
385	Select at least one service.	Sélectionnez au moins un service.	Selecciona al menos un servicio.
386	Tell us a little about your project.	Parlez-nous de votre projet.	Cuéntanos un poco sobre tu proyecto.
390	New lead from the Ravyt Digital website	Nouveau prospect depuis le site de Ravyt Digital	Nuevo contacto del sitio de Ravyt Digital
391	Which services are you looking for?	Quels services recherchez-vous ?	¿Qué servicios buscas?
392	Tell us a little about your project	Parlez-nous de votre projet	Cuéntanos un poco sobre tu proyecto
393	Briefly explain what you need, your goals or any information that can help us understand your project better.	Expliquez brièvement vos besoins, vos objectifs ou toute information pouvant nous aider à mieux comprendre votre projet.	Explica brevemente lo que necesitas, tus objetivos o cualquier información que pueda ayudarnos a entender mejor tu proyecto.
394	Send message	Envoyer le message	Enviar mensaje
395	Message sent successfully.	Message envoyé avec succès.	Mensaje enviado correctamente.
396	We have received your details and will contact you soon.	Nous avons reçu vos informations et vous contacterons prochainement.	Recibimos tus datos y nos pondremos en contacto pronto.
397	Your message could not be sent right now. Please try again shortly.	Votre message n’a pas pu être envoyé maintenant. Réessayez dans quelques instants.	No se pudo enviar tu mensaje ahora. Vuelve a intentarlo en unos instantes.
398	By submitting this form, you agree that Ravyt Digital may use the details provided to contact you about your request. Consult the	En envoyant ce formulaire, vous acceptez que Ravyt Digital utilise les données fournies pour vous contacter au sujet de votre demande. Consultez la	Al enviar este formulario, aceptas que Ravyt Digital utilice los datos proporcionados para contactar contigo sobre tu solicitud. Consulta la
399	Change privacy preferences	Modifier les préférences de confidentialité	Cambiar preferencias de privacidad
400	Privacy preferences	Préférences de confidentialité	Preferencias de privacidad
401	Visit measurement: you choose.	Mesure des visites : vous choisissez.	Medición de visitas: tú eliges.
402	With your permission, we record visits and clicks to improve the website. Your choice is saved in this browser.	Avec votre autorisation, nous enregistrons les visites et les clics pour améliorer le site. Votre choix est enregistré dans ce navigateur.	Con tu autorización, registramos visitas y clics para mejorar el sitio. Tu elección queda guardada en este navegador.
403	Allow visit and click measurement	Autoriser la mesure des visites et des clics	Permitir la medición de visitas y clics
404	Save choice	Enregistrer le choix	Guardar elección
405	I don’t have one yet	Je n’en ai pas encore	Todavía no tengo
406	Your name	Votre nom	Tu nombre
407	Company name	Nom de l’entreprise	Nombre de la empresa
408	City or service area	Ville ou zone desservie	Ciudad o zona de atención
409	Website or Google Business Profile (optional)	Site ou Profil d’entreprise Google (facultatif)	Sitio web o Perfil de Empresa en Google (opcional)
410	Paste the address, if you have one	Collez l’adresse si vous en avez une	Pega la dirección, si tienes
411	What needs the most improvement?	Que faut-il améliorer en priorité ?	¿Qué necesita mejorar más?
412	I don’t know where to start	Je ne sais pas par où commencer	No sé por dónde empezar
413	Appear on Google and Maps	Apparaître sur Google et Maps	Aparecer en Google y Maps
414	Improve my website	Améliorer mon site	Mejorar mi sitio
415	Turn visits into contacts	Transformer les visites en contacts	Transformar visitas en contactos
416	By continuing, you prepare a message. Your details will only be sent to Ravyt when you tap Send in WhatsApp. See the	En continuant, vous préparez un message. Les données ne seront envoyées à Ravyt que lorsque vous appuierez sur Envoyer dans WhatsApp. Consultez la	Al continuar, preparas un mensaje. Los datos solo se enviarán a Ravyt cuando pulses enviar en WhatsApp. Consulta la
417	Prepare my assessment →	Préparer mon diagnostic →	Preparar mi diagnóstico →
418	Your message is ready. Open WhatsApp and send it to start the conversation.	Votre message est prêt. Ouvrez WhatsApp et envoyez-le pour commencer l’échange.	Tu mensaje está listo. Abre WhatsApp y envíalo para iniciar la conversación.
419	Continue on WhatsApp ↗	Continuer sur WhatsApp ↗	Continuar en WhatsApp ↗
420	To talk without filling in the form, use the direct contact below.	Pour échanger sans remplir le formulaire, utilisez le contact direct ci-dessous.	Para hablar sin rellenar el formulario, usa el contacto directo de abajo.
421	Talk to Ytala Cabral on WhatsApp (opens in a new tab)	Échanger avec Ytala Cabral sur WhatsApp (s’ouvre dans un nouvel onglet)	Hablar con Ytala Cabral por WhatsApp (se abre en una pestaña nueva)
422	Talk to Ytala	Échanger avec Ytala	Hablar con Ytala
423	September 13, 2026	13 septembre 2026	13 de septiembre de 2026
424	← Back to the website	← Retour au site	← Volver al sitio
425	Last updated:	Dernière mise à jour :	Última actualización:
427	Close menu	Fermer le menu	Cerrar menú
428	Open menu	Ouvrir le menu	Abrir menú
430	Mobile navigation	Navigation mobile	Navegación móvil
431	Assess my digital presence ↗	Analyser ma présence numérique ↗	Analizar mi presencia digital ↗
432	For engineering companies	Pour les entreprises d’ingénierie	Para empresas de ingeniería
433	Website for engineering companies, Google and SEO.	Site pour les entreprises d’ingénierie, Google et SEO.	Sitio para empresas de ingeniería, Google y SEO.
434	Present your specialties, projects and service areas clearly to people looking for an engineering company. Ravyt creates and maintains your website and organizes your search presence.	Présentez clairement vos spécialités, projets et zones d’intervention aux personnes qui recherchent une entreprise d’ingénierie. Ravyt crée et maintient votre site et organise votre présence dans les recherches.	Presenta especialidades, proyectos y zonas de atención con claridad a quienes buscan una empresa de ingeniería. Ravyt crea y mantiene el sitio y organiza tu presencia en las búsquedas.
435	Before requesting a proposal, customers need to understand what you do.	Avant de demander une proposition, le client doit comprendre votre activité.	Antes de pedir una propuesta, el cliente necesita entender tu actividad.
436	People searching for an engineering company want to identify the types of projects served, the team’s experience and how to start a conversation. A website with clear pages for each specialty helps answer these questions.	Ceux qui recherchent une entreprise d’ingénierie veulent identifier les types de projets pris en charge, l’expérience de l’équipe et comment entamer un échange. Un site avec des pages claires pour chaque spécialité aide à répondre à ces questions.	Quien busca una empresa de ingeniería quiere identificar los tipos de proyectos atendidos, la experiencia del equipo y cómo iniciar una conversación. Un sitio con páginas claras para cada especialidad ayuda a responder estas preguntas.
437	We structure pages for specialties, projects, team and contact, with functional mobile navigation. Domain, hosting, updates and support are part of the subscription.	Nous structurons des pages pour les spécialités, projets, équipe et contact, avec une navigation fonctionnelle sur mobile. Domaine, hébergement, mises à jour et support font partie de l’abonnement.	Estructuramos páginas para especialidades, proyectos, equipo y contacto, con navegación funcional en el móvil. El dominio, el alojamiento, las actualizaciones y el soporte forman parte de la suscripción.
438	We organize Google Business Profile data, when the business is eligible, to accurately represent its location, services and service delivery.	Nous organisons les données du Profil d’entreprise Google, lorsque l’entreprise est éligible, pour représenter correctement sa localisation, ses services et ses modalités d’intervention.	Organizamos los datos del Perfil de Empresa en Google, cuando la empresa es elegible, para representar correctamente su ubicación, servicios y modalidad de atención.
439	We work on titles, content, internal links and technical aspects so service and project pages can be understood by search engines.	Nous travaillons les titres, contenus, liens internes et aspects techniques pour que les pages de services et de projets puissent être comprises par les moteurs de recherche.	Trabajamos títulos, contenido, enlaces internos y aspectos técnicos para que los buscadores puedan comprender las páginas de servicios y proyectos.
440	A visual reference for engineering	Une référence visuelle pour l’ingénierie	Una referencia visual para ingeniería
441	Vértice Norte Engenharia, shown in the portfolio as a conceptual demonstration, illustrates a way to organize specialties and projects without confusing visitors.	Vértice Norte Engenharia, présenté dans le portfolio comme démonstration conceptuelle, montre une façon d’organiser les spécialités et projets sans désorienter le visiteur.	Vértice Norte Engenharia, presentado en el portafolio como demostración conceptual, muestra una forma de organizar especialidades y proyectos sin confundir al visitante.
442	For architecture firms	Pour les cabinets d’architecture	Para estudios de arquitectura
443	Website for architecture firms, Google and SEO.	Site pour les cabinets d’architecture, Google et SEO.	Sitio para estudios de arquitectura, Google y SEO.
444	Your projects need to show your work and explain the hiring process. Ravyt creates a professional website for your firm, handles maintenance and works on its Google search structure.	Vos projets doivent montrer votre travail et expliquer le processus de commande. Ravyt crée un site professionnel pour votre cabinet, assure la maintenance et travaille la structure pour les recherches Google.	Tus proyectos necesitan mostrar el trabajo y explicar el proceso de contratación. Ravyt crea un sitio profesional para tu estudio, cuida el mantenimiento y trabaja la estructura para las búsquedas en Google.
445	A portfolio needs to help visitors make a decision.	Un portfolio doit aider le visiteur à prendre une décision.	Un portafolio debe ayudar al visitante a tomar una decisión.
446	Photos attract attention, but potential clients also want to know the type of projects developed, the area served, work stages and how to contact you. Context and organization make a portfolio more useful.	Les photos attirent l’attention, mais le client potentiel cherche aussi à connaître les types de projets, la zone desservie, les étapes du travail et comment vous contacter. Le contexte et l’organisation rendent le portfolio plus utile.	Las fotos llaman la atención, pero el cliente potencial también busca conocer el tipo de proyecto desarrollado, la zona atendida, las etapas del trabajo y cómo contactar. El contexto y la organización hacen más útil el portafolio.
447	We create project and service pages with well-presented images, concise copy and clear paths to contact. The subscription includes domain, hosting, updates and support.	Nous créons des pages de projets et services avec des images bien présentées, des textes précis et des parcours clairs vers le contact. L’abonnement comprend domaine, hébergement, mises à jour et support.	Creamos páginas de proyectos y servicios con imágenes bien presentadas, textos claros y caminos sencillos para contactar. La suscripción incluye dominio, alojamiento, actualizaciones y soporte.
448	When the firm is eligible for a Google Business Profile, we ensure consistent location, service and contact information.	Lorsque le cabinet est éligible au Profil d’entreprise Google, nous veillons à la cohérence des informations de localisation, services et accueil.	Cuando el estudio es elegible para el Perfil de Empresa en Google, cuidamos la coherencia de la información de ubicación, servicios y atención.
449	We organize structure, titles, descriptions and internal links to connect services and projects to relevant searches, without promising specific rankings.	Nous organisons la structure, les titres, descriptions et liens internes pour relier les services et projets aux recherches pertinentes, sans promettre de positions précises.	Organizamos estructura, títulos, descripciones y enlaces internos para conectar los servicios y proyectos con búsquedas relevantes, sin prometer posiciones específicas.
450	A visual reference for architecture	Une référence visuelle pour l’architecture	Una referencia visual para arquitectura
451	Nina Valença Arquitetura is a conceptual portfolio demonstration showing projects with large images and navigation designed to showcase the work.	Nina Valença Arquitetura est une démonstration conceptuelle du portfolio présentant des projets avec de grandes images et une navigation orientée vers la découverte du travail.	Nina Valença Arquitetura es una demostración conceptual del portafolio que presenta proyectos con imágenes amplias y una navegación orientada a apreciar el trabajo.
452	For custom furniture companies	Pour les entreprises de meubles sur mesure	Para empresas de muebles a medida
453	Website for custom furniture companies, Google and SEO.	Site pour les entreprises de meubles sur mesure, Google et SEO.	Sitio para empresas de muebles a medida, Google y SEO.
454	Show spaces, materials and custom solutions on a website that makes requesting a quote easy. Ravyt combines website creation and maintenance, Google presence and SEO optimizations.	Présentez les espaces, matériaux et solutions sur mesure sur un site qui facilite la demande de devis. Ravyt réunit création et maintenance du site, présence sur Google et optimisations SEO.	Muestra ambientes, materiales y soluciones a medida en un sitio que facilite pedir presupuesto. Ravyt reúne creación y mantenimiento del sitio, presencia en Google y optimizaciones de SEO.
455	Every space needs to give customers a clear next step.	Chaque espace doit proposer au client une prochaine étape claire.	Cada ambiente debe dar al cliente un siguiente paso claro.
456	People searching for custom furniture compare styles and possibilities before talking to a company. A presentation organized by room can help visitors recognize what they want and request service.	Ceux qui recherchent des meubles sur mesure comparent les styles et possibilités avant de contacter une entreprise. Une présentation organisée par pièces peut aider le visiteur à reconnaître ce qu’il cherche et demander un accompagnement.	Quien busca muebles a medida compara estilos y posibilidades antes de hablar con una empresa. Una presentación organizada por ambientes puede ayudar al visitante a reconocer lo que busca y solicitar atención.
457	We create a showcase of spaces and services with essential information and mobile-accessible contact. Domain, hosting, updates and support are included in the subscription.	Nous créons une vitrine d’espaces et services avec les informations essentielles et un contact accessible sur mobile. Domaine, hébergement, mises à jour et support sont inclus dans l’abonnement.	Creamos una vitrina de ambientes y servicios con información esencial y contacto accesible en el móvil. El dominio, el alojamiento, las actualizaciones y el soporte están incluidos en la suscripción.
458	For eligible businesses, we organize the Google Business Profile with consistent information about operations and the local service area.	Pour les entreprises éligibles, nous organisons le Profil d’entreprise Google avec des informations cohérentes sur l’activité et la zone locale desservie.	Para empresas elegibles, organizamos el Perfil de Empresa en Google con información coherente sobre la actividad y la zona local atendida.
459	We structure pages for spaces and services with specific content and titles, plus technical improvements and ongoing monitoring.	Nous structurons des pages pour les espaces et services, avec des contenus et titres spécifiques, ainsi que des améliorations techniques et un suivi continu.	Estructuramos páginas para ambientes y servicios, con contenido y títulos específicos, además de mejoras técnicas y seguimiento continuo.
460	A visual reference for custom furniture	Une référence visuelle pour les meubles sur mesure	Una referencia visual para muebles a medida
461	Lumea Planejados, a conceptual portfolio demonstration, highlights spaces to help visitors imagine product applications.	Lumea Planejados, une démonstration conceptuelle du portfolio, met les espaces en avant pour aider à imaginer les applications du produit.	Lumea Planejados, una demostración conceptual del portafolio, destaca ambientes para ayudar a imaginar aplicaciones del producto.
462	The starting point	Le point de départ	El punto de partida
463	Google + Website + SEO	Google + Site + SEO	Google + Sitio web + SEO
464	A digital presence with three pillars.	Une présence numérique à trois piliers.	Una presencia digital con tres pilares.
465	01 / WEBSITE	01 / SITE	01 / SITIO WEB
466	Professional website	Site professionnel	Sitio profesional
468	Google Business Profile	Profil d’entreprise Google	Perfil de Empresa en Google
470	Search structure	Structure pour les recherches	Estructura para búsquedas
471	Portfolio	Portfolio	Portafolio
472	See demonstrations and published websites →	Voir les démonstrations et sites publiés →	Ver demostraciones y sitios publicados →
473	Remote service worldwide	Services à distance dans le monde entier	Atención remota en todo el mundo
474	An ongoing service for your business.	Un service continu pour votre entreprise.	Un servicio continuo para tu empresa.
475	Google Business Profile, subject to eligibility, professional website, domain, hosting, updates, support and SEO optimizations. The scope is detailed in the proposal.	Profil d’entreprise Google selon l’éligibilité, site professionnel, domaine, hébergement, mises à jour, support et optimisations SEO. Le périmètre est détaillé dans la proposition.	Perfil de Empresa en Google, según elegibilidad, sitio profesional, dominio, alojamiento, actualizaciones, soporte y optimizaciones de SEO. El alcance se detalla en la propuesta.
476	Single annual plan · Pix, card or boleto	Forfait annuel unique · Pix, carte ou boleto	Plan único anual · Pix, tarjeta o boleto
477	No setup fee. Google Review NFC Card included as a bonus.	Sans frais d’installation. Carte NFC pour les avis Google incluse en bonus.	Sin tarifa de implementación. Tarjeta NFC de reseñas de Google incluida como bono.
481	Open in a new tab	Ouvrir dans un nouvel onglet	Abrir en una pestaña nueva
483	Explore the project	Découvrir le projet	Conocer el proyecto
487	Before the tool,	Avant l’outil,	Antes de la herramienta,
488	 your business.	 votre entreprise.	 tu negocio.
489	What may be included	Ce qui peut être inclus	Qué puede incluirse
490	The scope is defined after understanding your starting point. You receive a proposal with priorities, deliverables and responsibilities.	Le périmètre est défini après compréhension du point de départ. Vous recevez une proposition avec priorités, livrables et responsabilités.	El alcance se define después de entender el punto de partida. Recibes una propuesta con prioridades, entregas y responsabilidades.
491	How we start	Comment nous commençons	Cómo empezamos
492	Understand. Prioritize. Implement. Monitor.	Comprendre. Prioriser. Mettre en œuvre. Suivre.	Entender. Priorizar. Implementar. Acompañar.
493	We analyze current channels and business goals, decide what to address first and agree on how to monitor progress. We do not promise Google rankings or a guaranteed number of contacts.	Nous analysons les canaux actuels et l’objectif commercial, définissons les priorités et convenons du suivi de l’évolution. Nous ne promettons ni positions sur Google ni volume garanti de contacts.	Analizamos los canales actuales y el objetivo comercial, definimos qué resolver primero y acordamos cómo seguir la evolución. No prometemos posiciones en Google ni un volumen garantizado de contactos.
495	Can people looking for your solution find you?	Ceux qui recherchent votre solution peuvent-ils vous trouver ?	¿Quien busca tu solución puede encontrarte?
496	Strategic SEO to bring your business closer to people already looking for what it offers.	SEO stratégique pour rapprocher votre entreprise de ceux qui recherchent déjà ce qu’elle propose.	SEO estratégico para acercar tu empresa a quienes ya buscan lo que ofrece.
497	Appearing by name is a start. The opportunity is to be found for the service, question and need that lead someone to buy.	Apparaître par votre nom est un début. L’opportunité consiste à être trouvé par le service, la question et le besoin qui conduisent quelqu’un à acheter.	Aparecer por el nombre es un comienzo. La oportunidad está en ser encontrado por el servicio, la duda y la necesidad que llevan a alguien a comprar.
498	Search intent and competitor research	Recherche d’intention de recherche et de concurrence	Investigación de intención de búsqueda y competencia
499	Service page architecture and content	Architecture et contenu des pages de services	Arquitectura y contenido de las páginas de servicios
500	Technical SEO, indexing and monitoring	SEO technique, indexation et suivi	SEO técnico, indexación y seguimiento
501	Close to customers. Present when they choose.	Proche du client. Présent au moment du choix.	Cerca del cliente. Presente en el momento de elegir.
502	Google Business Profile and local SEO for businesses that need to be found on Google and Maps.	Profil d’entreprise Google et SEO local pour les entreprises qui doivent être trouvées sur Google et Maps.	Perfil de Empresa en Google y SEO local para empresas que necesitan ser encontradas en Google y Maps.
503	Your Google Business Profile — formerly Google My Business — may be someone’s first contact with your business. Services, hours and reviews need to tell the same story.	Votre Profil d’entreprise Google — anciennement Google My Business — peut être le premier contact avec votre entreprise. Les services, horaires et avis doivent raconter la même histoire.	Tu Perfil de Empresa en Google —antes llamado Google My Business— puede ser el primer contacto de alguien con tu negocio. Los servicios, horarios y reseñas deben contar la misma historia.
504	Eligibility assessment and profile setup	Analyse d’éligibilité et configuration du profil	Análisis de elegibilidad y configuración del perfil
505	Consistent categories, services and information	Catégories, services et informations cohérents	Categorías, servicios e información coherentes
506	Review guidance and local monitoring	Conseils pour les avis et suivi local	Orientación para reseñas y seguimiento local
507	After the click, the decision begins.	Après le clic, la décision commence.	Después del clic, empieza la decisión.
508	Websites with UX/UI, copywriting and technical SEO to turn discovery into understanding, trust and contact.	Sites avec UX/UI, rédaction et SEO technique pour transformer la découverte en compréhension, confiance et contact.	Sitios con UX/UI, redacción y SEO técnico para transformar el descubrimiento en comprensión, confianza y contacto.
509	Does your website explain what you solve, for whom and the next step? We build this journey with clear content, a good mobile experience and a structure that can evolve.	Votre site explique-t-il ce que vous résolvez, pour qui et quelle est la prochaine étape ? Nous construisons ce parcours avec un contenu clair, une bonne expérience mobile et une structure évolutive.	¿Tu sitio explica qué resuelves, para quién y cuál es el siguiente paso? Construimos este recorrido con contenido claro, buena experiencia en el móvil y una estructura que puede evolucionar.
510	Architecture, UX/UI and decision-oriented copy	Architecture, UX/UI et textes orientés vers la décision	Arquitectura, UX/UI y textos orientados a la decisión
511	Responsive development, accessibility and performance	Développement adaptatif, accessibilité et performance	Desarrollo adaptable, accesibilidad y rendimiento
512	Forms, WhatsApp and measurement within the scope	Formulaires, WhatsApp et mesure selon le périmètre	Formularios, WhatsApp y medición según el alcance
514	Conceptual demonstration	Démonstration conceptuelle	Demostración conceptual
515	Furniture showcase with editorial composition and emphasis on spaces.	Vitrine de mobilier avec composition éditoriale et mise en valeur des espaces.	Vitrina de mobiliario con composición editorial y destaque de ambientes.
517	Engineering presentation with distinctive typography and navigation by specialty.	Présentation d’ingénierie avec typographie marquante et navigation par spécialités.	Presentación de ingeniería con tipografía destacada y navegación por especialidades.
518	Websites for engineering companies	Sites pour les entreprises d’ingénierie	Sitios para empresas de ingeniería
520	Architecture portfolio with large images and section transitions.	Portfolio d’architecture avec de grandes images et transitions entre sections.	Portafolio de arquitectura con imágenes amplias y transiciones de sección.
521	Websites for architecture firms	Sites pour les cabinets d’architecture	Sitios para estudios de arquitectura
523	Custom furniture experience featuring spaces.	Expérience de meubles sur mesure mettant les espaces en valeur.	Experiencia de muebles a medida con ambientes destacados.
524	Websites for custom furniture companies	Sites pour les entreprises de meubles sur mesure	Sitios para empresas de muebles a medida
526	Visual catalog to present categories and make discovery easier.	Catalogue visuel pour présenter les catégories et faciliter la découverte.	Catálogo visual para presentar categorías y facilitar el descubrimiento.
528	Distribution website with direct communication and a product hierarchy.	Site de distribution avec communication directe et hiérarchie des produits.	Sitio de distribución con comunicación directa y jerarquía de productos.
530	Published website	Site publié	Sitio publicado
531	Institutional information organized to make services easier to access.	Informations institutionnelles organisées pour faciliter l’accès aux services.	Información institucional organizada para facilitar el acceso a los servicios.
533	Presentation of the school, its practice and paths for new students.	Présentation de l’école, de sa pratique et des parcours pour les nouveaux élèves.	Presentación de la escuela, su práctica y caminos para nuevos alumnos.
534	Why is the service monthly?	Pourquoi le service est-il mensuel ?	¿Por qué el servicio es mensual?
535	Because the work continues after publication: website maintenance and updates, support, Google Business Profile information and SEO optimizations.	Parce que le travail continue après la publication : maintenance et mises à jour du site, support, informations du Profil d’entreprise Google et optimisations SEO.	Porque el trabajo continúa después de la publicación: mantenimiento y actualizaciones del sitio, soporte, información del Perfil de Empresa en Google y optimizaciones de SEO.
536	Is the website mine?	Le site m’appartient-il ?	¿El sitio es mío?
537	Ownership, access and any termination conditions will be presented in the proposal before the agreement.	Les conditions de titularité, d’accès et d’éventuelle résiliation seront présentées dans la proposition avant la signature.	Las condiciones de titularidad, acceso y eventual finalización se presentarán en la propuesta antes de la contratación.
538	Are domain and hosting included?	Le domaine et l’hébergement sont-ils inclus ?	¿El dominio y el alojamiento están incluidos?
539	Yes. Domain and hosting are part of the annual Google + Website + SEO plan. The single annual plan costs R$ 597,00, payable by Pix, card or boleto. It includes setup and a Google Review NFC Card as a bonus. Specific conditions are provided in the proposal.	Oui. Domaine et hébergement font partie du forfait annuel Google + Site + SEO. Le forfait annuel unique coûte R$ 597,00, payable par Pix, carte ou boleto. Il comprend l’installation et une carte NFC pour les avis Google en bonus. Les conditions précises sont indiquées dans la proposition.	Sí. El dominio y el alojamiento forman parte del plan anual Google + Sitio web + SEO. El plan único anual cuesta R$ 597,00, pagado por Pix, tarjeta o boleto. Incluye implementación y la tarjeta NFC de reseñas de Google como bono. Las condiciones específicas se informan en la propuesta.
540	What does Ravyt do every month?	Que fait Ravyt chaque mois ?	¿Qué hace Ravyt cada mes?
541	We monitor and improve the Google Business Profile, maintain the website, provide support and work on SEO structure and optimization within the contracted scope.	Nous suivons et améliorons le Profil d’entreprise Google, maintenons le site, fournissons le support et travaillons la structure et les optimisations SEO selon le périmètre convenu.	Acompañamos y mejoramos el Perfil de Empresa en Google, mantenemos el sitio, prestamos soporte y trabajamos la estructura y las optimizaciones de SEO según el alcance contratado.
542	How soon can I see progress on Google?	Quand puis-je constater des progrès sur Google ?	¿En cuánto tiempo puedo notar una evolución en Google?
543	It depends on the market, competition, location and the company’s history. There is no universal timeline or guarantee of a specific result.	Cela dépend du marché, de la concurrence, de la localisation et de l’historique de l’entreprise. Il n’existe ni délai universel ni garantie de résultat précis.	Depende del mercado, la competencia, la ubicación y el historial de la empresa. No existe un plazo universal ni garantía de un resultado específico.
544	Do I need to already have a Google Business Profile?	Dois-je déjà avoir un Profil d’entreprise Google ?	¿Necesito tener ya un Perfil de Empresa en Google?
545	No. We assess the current situation and set up or optimize the profile according to the business’s eligibility and needs.	Non. Nous évaluons la situation et structurons ou optimisons le profil selon l’éligibilité et les besoins de l’entreprise.	No. Evaluamos la situación actual y estructuramos u optimizamos el perfil según la elegibilidad y las necesidades del negocio.
546	Does the service guarantee first place on Google?	Le service garantit-il la première position sur Google ?	¿El servicio garantiza la primera posición en Google?
547	No. No specific ranking can be guaranteed. We work to improve the business’s structure and digital presence.	Non. Aucune position précise ne peut être garantie. Nous travaillons à améliorer la structure et la présence numérique de l’entreprise.	No. No puede garantizarse ninguna posición específica. Trabajamos para mejorar la estructura y la presencia digital de la empresa.
548	Can I withdraw within the first 7 days?	Puis-je me rétracter dans les 7 premiers jours ?	¿Puedo desistir durante los primeros 7 días?
549	Yes. With the annual plan, you have 7 days to withdraw from the agreement. The full contract is sent before payment.	Oui. Avec le forfait annuel, vous disposez de 7 jours pour vous rétracter. Le contrat complet est envoyé avant le paiement.	Sí. En el plan anual, tienes 7 días para desistir de la contratación. El contrato completo se envía antes del pago.
550	How much does it cost and how is it charged?	Combien coûte le service et comment est-il facturé ?	¿Cuánto cuesta y cómo se cobra?
551	The single annual plan costs R$ 597,00, payable by Pix, card or boleto, and includes a Google Review NFC Card as a bonus. You have 7 days to withdraw from the agreement. Other conditions are sent in the contract before payment.	Le forfait annuel unique coûte R$ 597,00, payable par Pix, carte ou boleto, et comprend une carte NFC pour les avis Google en bonus. Vous disposez de 7 jours pour vous rétracter. Les autres conditions sont envoyées dans le contrat avant le paiement.	El plan único anual cuesta R$ 597,00, pagado por Pix, tarjeta o boleto, e incluye una tarjeta NFC de reseñas de Google como bono. Tienes 7 días para desistir de la contratación. Las demás condiciones se envían en el contrato antes del pago.
552	Professional website creation for businesses: what to assess before hiring	Création d’un site professionnel pour les entreprises : que vérifier avant de commander	Creación de sitios profesionales para empresas: qué evaluar antes de contratar
553	Understand how to assess a business website’s content, contact options, performance, SEO and maintenance before accepting a proposal.	Découvrez comment évaluer le contenu, les contacts, la performance, le SEO et la maintenance d’un site d’entreprise avant d’accepter une proposition.	Entiende cómo evaluar el contenido, el contacto, el rendimiento, el SEO y el mantenimiento de un sitio empresarial antes de aceptar una propuesta.
554	Website creation	Création de sites	Creación de sitios web
555	September 27, 2026	27 septembre 2026	27 de septiembre de 2026
556	7 min read	7 min de lecture	7 min de lectura
557	Ravyt Digital Team	Équipe Ravyt Digital	Equipo Ravyt Digital
558	One customer receives a recommendation for your company and searches its name. Another searches directly for the service you offer without knowing your brand. The website needs to work in both situations: confirm the company’s reliability and explain why getting in touch is worthwhile. Creating a professional website for businesses starts with these questions, before choosing a platform or visual effects.	Un client reçoit une recommandation de votre entreprise et recherche son nom. Un autre recherche directement votre service sans connaître votre marque. Le site doit fonctionner dans les deux cas : confirmer la fiabilité de l’entreprise et expliquer pourquoi il vaut la peine de la contacter. La création d’un site professionnel pour les entreprises commence par ces questions, avant le choix de la plateforme ou des effets visuels.	Un cliente recibe una recomendación de tu empresa y busca su nombre. Otro busca directamente el servicio que ofreces, sin conocer tu marca. El sitio debe funcionar en ambas situaciones: confirmar que la empresa es fiable y explicar por qué merece la pena contactar. La creación de sitios profesionales para empresas comienza con estas preguntas, antes de elegir la plataforma o los efectos visuales.
559	A professional website explains what the company does, who it serves and how to start a conversation. It works well on phones, presents verifiable information, makes contact easy and has defined responsibilities for domain, hosting and maintenance. If the company wants to be found on Google, its content and structure must support that goal. Publishing a website does not guarantee visits, contacts or search rankings.	Un site professionnel explique ce que fait l’entreprise, à qui elle s’adresse et comment entamer un échange. Il fonctionne bien sur mobile, présente des informations vérifiables, facilite le contact et définit les responsables du domaine, de l’hébergement et de la maintenance. Si l’entreprise souhaite être trouvée sur Google, le contenu et la structure doivent soutenir cet objectif. La mise en ligne ne garantit ni visites, ni contacts, ni positions dans les recherches.	Un sitio profesional explica qué hace la empresa, a quién atiende y cómo iniciar una conversación. Funciona bien en el móvil, presenta información verificable, facilita el contacto y tiene responsables definidos para dominio, alojamiento y mantenimiento. Si la empresa quiere ser encontrada en Google, el contenido y la estructura deben apoyar ese objetivo. Publicar el sitio no garantiza visitas, contactos ni posiciones en las búsquedas.
560	Start with the question your customer would ask	Commencez par la question que le client poserait	Empieza por la pregunta que haría el cliente
561	Consider a building maintenance company. Someone searching its name may want to confirm its phone number and service area. Someone looking for a specific service wants to know what types of buildings it serves, how to request an inspection and whether it has experience with that problem. A page that only says “complete and innovative solutions” answers none of these questions.	Prenons une entreprise de maintenance immobilière. Celui qui recherche son nom veut peut-être vérifier le téléphone et la zone desservie. Celui qui cherche un service précis veut savoir quels bâtiments elle prend en charge, comment demander une inspection et si elle a l’expérience de ce problème. Une page qui dit seulement « solutions complètes et innovantes » ne répond à aucune de ces questions.	Piensa en una empresa de mantenimiento de edificios. Quien busca su nombre puede querer confirmar el teléfono y la zona de atención. Quien busca un servicio específico quiere saber qué tipos de edificios atiende, cómo solicitar una inspección y si tiene experiencia con ese problema. Una página que solo dice «soluciones completas e innovadoras» no responde a ninguna de estas dudas.
562	The example is illustrative, but the test applies to other sectors. Can visitors identify the service, understand who it is for, find verifiable signs of trust and know how to request assistance? If not, there is a content or navigation issue to resolve before discussing more visual features.	L’exemple est illustratif, mais le test s’applique à d’autres secteurs. Le visiteur identifie-t-il le service, comprend-il à qui il s’adresse, trouve-t-il des signes vérifiables de confiance et sait-il comment demander un accompagnement ? Sinon, il existe un problème de contenu ou de navigation à résoudre avant de discuter d’autres éléments visuels.	El ejemplo es ilustrativo, pero la prueba vale para otros sectores. ¿El visitante identifica el servicio, entiende para quién es, encuentra señales verificables de confianza y sabe cómo solicitar atención? Si no, hay un problema de contenido o navegación que resolver antes de discutir más recursos visuales.
563	Content written for people who will hire you	Contenu écrit pour ceux qui vont commander	Contenido escrito para quien va a contratar
564	Pages need to use words customers understand and explain the service accurately. “We are a benchmark for excellence” takes up space but does not say which problem the company solves. Describe the offer, how the service works and which conditions matter to the decision.	Les pages doivent utiliser des mots que les clients comprennent et expliquer précisément le service. « Nous sommes une référence en excellence » occupe de l’espace sans dire quel problème l’entreprise résout. Décrivez l’offre, le fonctionnement du service et les conditions importantes pour la décision.	Las páginas deben usar palabras que los clientes entiendan y explicar el servicio con precisión. «Somos un referente en excelencia» ocupa espacio, pero no dice qué problema resuelve la empresa. Describe la oferta, cómo funciona la atención y qué condiciones importan para decidir.
565	Photos of work, teams and facilities help when they are real, current and used with permission. Testimonials and result figures need to be verifiable. There is no need to invent a grand story to inspire trust.	Les photos des travaux, de l’équipe et des installations sont utiles lorsqu’elles sont réelles, actuelles et utilisées avec autorisation. Les témoignages et chiffres de résultats doivent être vérifiables. Il n’est pas nécessaire d’inventer une histoire grandiose pour inspirer confiance.	Las fotos de trabajos, equipos e instalaciones ayudan cuando son reales, actuales y se usan con autorización. Los testimonios y cifras de resultados deben ser verificables. No hace falta inventar una historia grandiosa para transmitir confianza.
566	How to create helpful, reliable content, according to Google	Comment créer un contenu utile et fiable, selon Google	Cómo crear contenido útil y fiable, según Google
567	Navigation and contact without obstacles	Navigation et contact sans obstacles	Navegación y contacto sin obstáculos
568	Visitors should reach important information without guessing where to click. Menu names need to be clear. On a page that has already explained the service, “Request a proposal” communicates the next action better than a generic “Learn more” button.	Le visiteur doit accéder à l’information importante sans deviner où cliquer. Le menu doit avoir des noms clairs. Sur une page qui a déjà expliqué le service, « Demander une proposition » communique mieux l’action suivante qu’un bouton générique « En savoir plus ».	El visitante debe llegar a la información importante sin adivinar dónde hacer clic. El menú debe tener nombres claros. En una página que ya explicó el servicio, «Solicitar propuesta» comunica mejor la siguiente acción que un botón genérico «Saber más».
569	Test on a phone: can you read the text, tap the buttons and submit the form? Does the submission message appear? Does WhatsApp open the right contact? These details are part of delivery, not optional finishing touches.	Testez sur mobile : peut-on lire le texte, toucher les boutons et envoyer le formulaire ? Le message d’envoi apparaît-il ? WhatsApp ouvre-t-il le bon contact ? Ces détails font partie de la livraison, ce ne sont pas des finitions facultatives.	Prueba en el móvil: ¿se puede leer el texto, pulsar los botones y enviar el formulario? ¿Aparece el mensaje de envío? ¿WhatsApp abre el contacto correcto? Estos detalles forman parte de la entrega, no son acabados opcionales.
570	Accessibility and performance observed in practice	Accessibilité et performance observées en pratique	Accesibilidad y rendimiento observados en la práctica
571	People browse in different ways. Organized headings, readable text, descriptions for informative images and labeled form fields make the website more usable. The W3C recommends a logical heading structure and labels associated with fields.	Les personnes naviguent de façons différentes. Des titres organisés, un texte lisible, des descriptions pour les images informatives et des champs identifiés rendent le site plus utilisable. Le W3C recommande une structure logique de titres et des étiquettes associées aux champs.	Las personas navegan de formas diferentes. Los títulos organizados, el texto legible, las descripciones de imágenes informativas y los campos de formulario identificados hacen el sitio más utilizable. El W3C recomienda una estructura lógica de títulos y etiquetas asociadas a los campos.
572	Speed also deserves attention on real phones. Core Web Vitals measure loading, interaction responsiveness and visual stability. The good-experience thresholds are LCP up to 2.5 seconds, INP up to 200 milliseconds and CLS up to 0.1, measured at the 75th percentile of visits. Meeting these values does not promise rankings or sales.	La vitesse mérite aussi de l’attention sur de vrais mobiles. Les Core Web Vitals mesurent le chargement, la réactivité aux interactions et la stabilité visuelle. Les seuils d’une bonne expérience sont un LCP jusqu’à 2,5 secondes, un INP jusqu’à 200 millisecondes et un CLS jusqu’à 0,1, évalués au 75e percentile des visites. Atteindre ces valeurs ne promet ni classement ni ventes.	La velocidad también merece atención en móviles reales. Las Core Web Vitals evalúan carga, respuesta a interacciones y estabilidad visual. Los umbrales de buena experiencia son LCP de hasta 2,5 segundos, INP de hasta 200 milisegundos y CLS de hasta 0,1, evaluados en el percentil 75 de las visitas. Alcanzar estos valores no promete posiciones ni ventas.
573	W3C: page structure and headings	W3C : structure des pages et titres	W3C: estructura de páginas y títulos
574	W3C: form labels	W3C : étiquettes des formulaires	W3C: etiquetas de formularios
575	web.dev: Core Web Vitals metrics	web.dev : indicateurs Core Web Vitals	web.dev: métricas Core Web Vitals
576	A structure that helps Google understand the business	Une structure qui aide Google à comprendre l’entreprise	Una estructura que ayude a Google a entender el negocio
577	A website can look flawless and still leave questions about its services. Descriptive titles, original content for each offer, useful links between pages and search-accessible content help explain the business. This is part of SEO, which also requires ongoing monitoring and adjustments.	Un site peut être visuellement impeccable tout en laissant des questions sur ses services. Des titres descriptifs, un contenu propre à chaque offre, des liens utiles entre les pages et un contenu accessible aux moteurs aident à expliquer l’entreprise. Cela fait partie du SEO, qui exige aussi un suivi et des ajustements au fil du temps.	Un sitio puede ser visualmente impecable y aun así dejar dudas sobre sus servicios. Los títulos descriptivos, el contenido propio para cada oferta, los enlaces útiles entre páginas y el contenido accesible a buscadores ayudan a explicar el negocio. Esto forma parte del SEO, que también exige seguimiento y ajustes con el tiempo.
578	If the business serves customers in person, a Google Business Profile can complement the website. Eligibility depends on Google’s in-person contact rules; exclusively online businesses may not qualify. The profile presents local information, while the website can detail services, work and contact options.	Si l’entreprise accueille des clients en personne, le Profil d’entreprise Google peut compléter le site. L’éligibilité dépend des règles de contact en personne de Google ; les entreprises exclusivement en ligne peuvent ne pas être admissibles. Le profil présente les informations locales, tandis que le site permet de détailler les services, travaux et moyens de contact.	Si la empresa atiende a clientes presencialmente, el Perfil de Empresa en Google puede complementar el sitio. La elegibilidad depende de las reglas de contacto presencial de Google; los negocios exclusivamente en línea pueden no cumplirlas. El perfil presenta información local, mientras el sitio permite detallar servicios, trabajos y formas de contacto.
579	Explore Ravyt’s SEO work	Découvrez le travail SEO de Ravyt	Conoce el trabajo de SEO de Ravyt
580	Google: SEO starter guide	Google : guide SEO pour débutants	Google: guía de SEO para principiantes
581	Google: Business Profile eligibility criteria	Google : critères d’éligibilité du Profil d’entreprise	Google: criterios de elegibilidad del Perfil de Empresa
582	Responsibilities after the website goes live	Responsabilités après la mise en ligne	Responsabilidades después de publicar el sitio
583	Ask who handles the domain, hosting, access, fixes and information updates. If the company changes its phone number or adds a service, how long will it take to correct the website? Which changes are included in maintenance and which require an additional quote?	Demandez qui s’occupe du domaine, de l’hébergement, des accès, corrections et mises à jour des informations. Si l’entreprise change de téléphone ou ajoute un service, combien de temps faudra-t-il pour corriger le site ? Quelles modifications relèvent de la maintenance et lesquelles nécessitent un devis supplémentaire ?	Pregunta quién cuida el dominio, el alojamiento, los accesos, las correcciones y la actualización de información. Si la empresa cambia de teléfono o incorpora un servicio, ¿cuánto tardará en corregirse el sitio? ¿Qué cambios forman parte del mantenimiento y cuáles requieren presupuesto adicional?
584	These answers must appear in the proposal. A website with outdated information can weaken the very trust it should build.	Ces réponses doivent figurer dans la proposition. Un site aux informations obsolètes peut affaiblir la confiance qu’il devrait justement construire.	Estas respuestas deben constar en la propuesta. Un sitio con información desactualizada puede debilitar precisamente la confianza que debería construir.
585	How to compare proposals without getting lost in price	Comment comparer les propositions sans se perdre dans les prix	Cómo comparar propuestas sin perderse en el precio
586	Compare equivalent deliverables. “Website creation” may mean a presentation page or a project with multiple pages, copy, forms and integrations. Ask each provider to describe the content, pages, publication process and support conditions.	Comparez des livrables équivalents. « Création de site » peut désigner une page de présentation ou un projet avec plusieurs pages, textes, formulaires et intégrations. Demandez à chaque prestataire de décrire les contenus, pages, processus de publication et conditions de support.	Compara entregas equivalentes. «Creación de sitios» puede significar una página de presentación o un proyecto con varias páginas, textos, formularios e integraciones. Pide a cada proveedor que describa el contenido, las páginas, el proceso de publicación y las condiciones de soporte.
587	Ravyt’s Google + Website + SEO offer has a single annual plan of R$ 597,00, payable by Pix, card or boleto, with setup included and a Google Review NFC Card as a bonus. The plan brings together website creation, domain, hosting, support, maintenance and ongoing SEO work. Google Business Profile is handled when the business is eligible. Scope, access, ownership and termination conditions are defined in the proposal. Requirements outside the scope need to be assessed before promising delivery.	L’offre Google + Site + SEO de Ravyt propose un forfait annuel unique de R$ 597,00, payable par Pix, carte ou boleto, avec installation incluse et carte NFC pour les avis Google en bonus. Le forfait réunit création du site, domaine, hébergement, support, maintenance et travail SEO continu. Le Profil d’entreprise Google est traité lorsque l’entreprise est éligible. Périmètre, accès, titularité et conditions de résiliation sont définis dans la proposition. Les exigences hors périmètre doivent être évaluées avant de promettre leur réalisation.	La oferta Google + Sitio web + SEO de Ravyt tiene un plan único anual de R$ 597,00, pagado por Pix, tarjeta o boleto, con implementación incluida y una tarjeta NFC de reseñas de Google como bono. El plan reúne creación del sitio, dominio, alojamiento, soporte, mantenimiento y trabajo continuo de SEO. El Perfil de Empresa en Google se gestiona cuando el negocio es elegible. El alcance, los accesos, la titularidad y las condiciones de finalización se definen en la propuesta. Las exigencias fuera del alcance deben evaluarse antes de prometer su entrega.
588	What affects a website quote	Ce qui modifie le devis d’un site	Qué modifica el presupuesto de un sitio
589	Which pages a corporate website needs	Quelles pages un site institutionnel doit avoir	Qué páginas necesita un sitio institucional
590	Google + Website + SEO offer	Offre Google + Site + SEO	Oferta Google + Sitio web + SEO
591	Website, Google and SEO: where each part fits	Site, Google et SEO : le rôle de chaque partie	Sitio, Google y SEO: dónde encaja cada parte
592	Someone searches for a service, finds a relevant page, understands whether the business meets their need and decides to get in touch. Each stage can fail differently: the business does not appear for relevant searches, the page does not answer the question or contact is difficult to complete.	Une personne recherche un service, trouve une page pertinente, comprend si l’entreprise répond à son besoin et décide de la contacter. Chaque étape peut échouer différemment : l’entreprise n’apparaît pas dans les recherches pertinentes, la page ne répond pas à la question ou la prise de contact est difficile à terminer.	Una persona busca un servicio, encuentra una página relevante, entiende si la empresa satisface su necesidad y decide contactar. Cada etapa puede fallar de una forma diferente: la empresa no aparece en búsquedas relevantes, la página no responde a la duda o el contacto es difícil de completar.
593	Choosing a platform alone does not solve this journey. The website explains the offer and helps the decision. SEO works on structure and content for business-related searches. When eligible, local presence complements this work. After publication, monitoring searches and contacts helps decide what to improve.	Le choix de la plateforme ne résout pas, à lui seul, ce parcours. Le site explique l’offre et facilite la décision. Le SEO travaille la structure et le contenu pour les recherches liées à l’entreprise. Lorsque l’éligibilité le permet, la présence locale complète ce travail. Après publication, suivre les recherches et contacts aide à décider des améliorations.	Elegir la plataforma, por sí sola, no resuelve este recorrido. El sitio explica la oferta y facilita la decisión. El SEO trabaja la estructura y el contenido para búsquedas relacionadas con el negocio. Cuando existe elegibilidad, la presencia local complementa este trabajo. Después de publicar, seguir las consultas y contactos ayuda a decidir qué mejorar.
594	There is also no exclusive shortcut to appearing in Google’s AI answers. Google’s current guidance still centers on original, useful content, crawlable structure and general SEO practices.	Il n’existe pas non plus de raccourci exclusif pour apparaître dans les réponses de l’IA de Google. Les recommandations actuelles de Google restent fondées sur un contenu original et utile, une structure explorable et les pratiques générales de SEO.	Tampoco existe un atajo exclusivo para aparecer en las respuestas de IA de Google. Sus orientaciones actuales siguen basándose en contenido original y útil, una estructura rastreable y las prácticas generales de SEO.
595	Discover Ravyt’s strategic websites	Découvrez les sites stratégiques de Ravyt	Conoce los sitios estratégicos de Ravyt
596	Google: optimization for AI features in Search	Google : optimisation pour les fonctionnalités d’IA dans la Recherche	Google: optimización para funciones de IA en la Búsqueda
597	When a proposal should raise a red flag	Quand une proposition doit alerter	Cuándo una propuesta debe encender una alerta
598	Be wary of promises of first place on Google, fixed timelines for generating customers or return projections without understanding the market. Ask for details if the provider does not explain who writes the copy, who manages the domain, how contact will be tested or what happens after publication.	Méfiez-vous des promesses de première position sur Google, des délais fixes pour obtenir des clients ou des projections de rentabilité sans connaissance du marché. Demandez des précisions si le prestataire n’explique pas qui écrit les textes, qui gère le domaine, comment le contact sera testé ou ce qui se passe après publication.	Desconfía de las promesas de primera posición en Google, plazos fijos para generar clientes o proyecciones de retorno sin conocer el mercado. Pide detalles si el proveedor no explica quién escribe los textos, quién administra el dominio, cómo se probará el contacto o qué sucede después de publicar.
599	The aim is to commission a structure suited to the business, understandable to visitors and sustainable to maintain. Gather your main services, audience, service area or delivery method and available materials before requesting a proposal. This starts the conversation with what your customer needs to understand.	L’objectif est de commander une structure adaptée à l’entreprise, compréhensible pour le visiteur et durable à maintenir. Rassemblez vos principaux services, public, zone ou modalités d’intervention et éléments disponibles avant de demander une proposition. L’échange commence ainsi par ce que votre client doit comprendre.	El objetivo es contratar una estructura adecuada para la empresa, comprensible para quien la visita y sostenible de mantener. Reúne tus principales servicios, público, zona o modalidad de atención y materiales disponibles antes de pedir una propuesta. Así la conversación empieza por lo que tu cliente necesita entender.
600	Questions for comparing website proposals	Questions pour comparer les propositions de sites	Preguntas para comparar propuestas de sitios web
601	Use these questions to compare the same scope. Each provider’s conditions must be expressed in the proposal, including what happens when the contract ends.	Utilisez ces questions pour comparer un même périmètre. Les conditions de chaque prestataire doivent figurer dans la proposition, y compris ce qui se passe à la fin du contrat.	Usa las preguntas para comparar el mismo alcance. Las condiciones de cada proveedor deben expresarse en la propuesta, incluido lo que sucede al finalizar el contrato.
602	Question to ask	Question à poser	Pregunta para hacer
603	Why it matters	Pourquoi c’est important	Por qué importa
604	Who writes and reviews the copy?	Qui rédige et vérifie les textes ?	¿Quién escribe y revisa los textos?
605	The proposal relies on accurate, clear information.	La proposition dépend d’informations correctes et claires.	La propuesta depende de información correcta y clara.
606	Which pages and features are included?	Quelles pages et fonctionnalités sont incluses ?	¿Qué páginas y funciones se incluyen?
607	Avoids comparing different deliverables under the same name.	Évite de comparer des livrables différents sous le même nom.	Evita comparar entregas diferentes con el mismo nombre.
608	Publication	Publication	Publicación
609	Costs and responsibilities continue after launch.	Les coûts et responsabilités continuent après le lancement.	Los costes y las responsabilidades continúan después del lanzamiento.
610	Who accesses the domain and website at termination?	Qui accède au domaine et au site après résiliation ?	¿Quién accede al dominio y al sitio al finalizar?
611	Clarifies ownership and continuity.	Permet de comprendre la titularité et la continuité.	Permite entender la titularidad y la continuidad.
612	Which updates and support are planned?	Quelles mises à jour et quel support sont prévus ?	¿Qué actualizaciones y soporte están previstos?
613	Content and information need to remain accurate.	Les contenus et informations doivent rester corrects.	El contenido y la información deben seguir siendo correctos.
614	How will SEO progress be monitored?	Comment l’évolution SEO sera-t-elle suivie ?	¿Cómo se acompañará la evolución en SEO?
615	Helps prioritize improvements without promising rankings.	Aide à prioriser les améliorations sans promesse de position.	Ayuda a priorizar mejoras sin prometer posiciones.
616	Google Search Central — helpful, reliable content	Google Search Central — contenu utile et fiable	Google Search Central: contenido útil y fiable
617	Google Search Central — SEO for beginners	Google Search Central — SEO pour débutants	Google Search Central: SEO para principiantes
618	Google Search Central — generative AI features	Google Search Central — fonctionnalités d’IA générative	Google Search Central: funciones de IA generativa
619	Google — Business Profile eligibility	Google — éligibilité du Profil d’entreprise	Google: elegibilidad del Perfil de Empresa
620	W3C — page structure	W3C — structure des pages	W3C: estructura de páginas
621	W3C — form labels	W3C — étiquettes des formulaires	W3C: etiquetas de formularios
623	Tell Ravyt about your project	Parlez de votre projet à Ravyt	Cuéntale a Ravyt sobre tu proyecto
624	What does your website need to explain to your next customer?	Que doit expliquer votre site à votre prochain client ?	¿Qué necesita explicar tu sitio al próximo cliente?
625	The Ravyt team rewrote and reviewed this guide to help businesses assess website proposals. The building maintenance example is illustrative and does not represent a real client or result. Technical references link to original sources; commercial conditions follow each project’s proposal.	L’équipe Ravyt a réécrit et vérifié ce guide pour aider les entreprises à évaluer les propositions de sites. L’exemple de maintenance immobilière est illustratif et ne représente ni client ni résultat réel. Les références techniques renvoient aux sources originales ; les conditions commerciales suivent la proposition de chaque projet.	El equipo de Ravyt reescribió y revisó esta guía para ayudar a las empresas a evaluar propuestas de sitios. El ejemplo de mantenimiento de edificios es ilustrativo y no representa un cliente ni un resultado real. Las referencias técnicas enlazan a las fuentes originales; las condiciones comerciales siguen la propuesta de cada proyecto.
626	Corporate website: which pages does your company really need?	Site institutionnel : quelles pages votre entreprise a-t-elle vraiment besoin d’avoir ?	Sitio institucional: ¿qué páginas necesita realmente tu empresa?
627	A guide to defining structure, content, contact and costs before requesting a website quote.	Un guide pour définir structure, contenu, contact et coûts avant de demander un devis de site.	Una guía para definir estructura, contenido, contacto y costes antes de solicitar un presupuesto de sitio web.
628	September 23, 2026	23 septembre 2026	23 de septiembre de 2026
629	5 min read	5 min de lecture	5 min de lectura
630	“I need a website” does not yet define the project. Before asking for a quote, decide what someone needs to understand about your company and what action they should be able to take effortlessly.	« J’ai besoin d’un site » ne définit pas encore le projet. Avant de demander un devis, déterminez ce qu’une personne doit comprendre de votre entreprise et quelle action elle doit pouvoir effectuer sans effort.	«Necesito un sitio» todavía no define el proyecto. Antes de pedir presupuesto, conviene decidir qué necesita entender una persona sobre tu empresa y qué acción debe poder realizar sin esfuerzo.
631	A corporate website needs to explain the offer, identify the company and make contact easy. This can fit on one page with clear sections. Separate pages for services, team or content make sense when each topic has different information and questions.	Un site institutionnel doit expliquer l’offre, identifier l’entreprise et faciliter le contact. Cela peut tenir sur une page avec des sections claires. Des pages dédiées aux services, à l’équipe ou au contenu prennent leur sens lorsque chaque sujet comporte des informations et questions différentes.	Un sitio institucional necesita explicar la oferta, identificar la empresa y facilitar el contacto. Esto puede caber en una página con secciones claras. Las páginas propias para servicios, equipo o contenido tienen sentido cuando hay información y dudas diferentes para cada asunto.
632	Which pages should a corporate website include?	Quelles pages inclure dans un site institutionnel ?	¿Qué páginas incluir en un sitio institucional?
633	Use this map to discuss the scope. More pages do not guarantee better Google rankings: each must help visitors and present original content.	Utilisez cette carte pour discuter du périmètre. Plus de pages ne garantissent pas une meilleure position sur Google : chacune doit aider le visiteur et présenter un contenu propre.	Usa este mapa para discutir el alcance. Tener más páginas no garantiza mejores posiciones en Google: cada una debe ayudar al visitante y presentar contenido propio.
634	Page or section	Page ou section	Página o sección
635	Question it needs to answer	Question à laquelle répondre	Pregunta que debe responder
636	When to use a separate page	Quand créer une page distincte	Cuándo separar en una página
637	What does the company do, for whom and where?	Que fait l’entreprise, pour qui et où intervient-elle ?	¿Qué hace la empresa, para quién y dónde atiende?
638	It is the website’s main entry point.	C’est le point d’entrée principal du site.	Es el punto de entrada principal del sitio.
639	Services	Services	Servicios
640	What do I receive and how does hiring work?	Que vais-je recevoir et comment fonctionne la commande ?	¿Qué recibo y cómo funciona la contratación?
641	When each service has its own audience, process or questions.	Lorsque chaque service a son propre public, processus ou questions.	Cuando cada servicio tiene su propio público, proceso o dudas.
642	About or team	À propos ou équipe	Sobre nosotros o equipo
643	Who is responsible and what experience can be verified?	Qui est responsable et quelle expérience est vérifiable ?	¿Quién es responsable y qué experiencia puede verificarse?
644	When the presentation needs more context than a short section.	Lorsque la présentation exige plus de contexte qu’une courte section.	Cuando la presentación necesita más contexto que una sección breve.
645	How can I request information and what is the next step?	Comment demander des informations et quelle est l’étape suivante ?	¿Cómo pedir información y cuál es el siguiente paso?
646	When there are multiple channels, locations or service instructions.	Lorsqu’il existe plusieurs canaux, établissements ou consignes d’accueil.	Cuando hay varios canales, sedes u orientaciones de atención.
647	Which customer question deserves an in-depth explanation?	Quelle question du client mérite une explication approfondie ?	¿Qué duda del cliente merece explicarse en profundidad?
648	When there is capacity to produce and review useful content.	Lorsqu’il est possible de produire et vérifier un contenu utile.	Cuando existe capacidad de producir y revisar contenido útil.
649	Checklist for requesting a website quote	Checklist pour demander un devis de site	Lista de comprobación para pedir presupuesto de un sitio
650	List the company’s services, audience and service area.	Listez les services, le public et la zone desservie par l’entreprise.	Enumera los servicios, el público y la zona de atención de la empresa.
651	Define the main action: request a quote, schedule a conversation or explore a service.	Définissez l’action principale : demander un devis, programmer un échange ou découvrir un service.	Define la acción principal: solicitar presupuesto, agendar una conversación o conocer un servicio.
652	Gather copy, photos, visual identity and references you are allowed to use.	Rassemblez les textes, photos, identité visuelle et références que vous pouvez utiliser.	Reúne textos, fotos, identidad visual y referencias que puedas usar.
653	State whether you already own a domain and who owns it and handles renewal.	Indiquez si vous avez déjà un domaine propre et qui en est titulaire et responsable du renouvellement.	Indica si ya tienes dominio propio y quién es el titular y responsable de renovarlo.
654	List the forms, integrations and pages required.	Listez les formulaires, intégrations et pages nécessaires.	Enumera los formularios, integraciones y páginas necesarias.
655	Agree who will handle hosting, updates and maintenance after delivery.	Convenez de qui s’occupera de l’hébergement, des mises à jour et de la maintenance après livraison.	Acuerda quién cuidará el alojamiento, las actualizaciones y el mantenimiento tras la entrega.
656	The home page needs to guide, not tell everything	La page d’accueil doit orienter, pas tout raconter	La página de inicio debe orientar, no contarlo todo
657	First-time visitors should identify the service, the service area or delivery method and the path to learn more or contact you. A vague heading followed by a pretty photo forces visitors to search for the main information.	Une personne qui arrive pour la première fois doit identifier le service, la zone ou modalité d’intervention et le chemin pour en savoir plus ou prendre contact. Un titre vague suivi d’une jolie photo oblige le visiteur à chercher l’information principale.	Quien llega por primera vez debe identificar el servicio, la zona o modalidad de atención y el camino para saber más o contactar. Un título vago seguido de una foto bonita obliga al visitante a buscar la información principal.
658	Illustrative example: a building maintenance company can open with its services, who it serves and how to request an assessment. The full company story can go on the About page; each service’s description can have its own page when there is enough content.	Exemple illustratif : une entreprise de maintenance immobilière peut ouvrir avec ses services, son public et la façon de demander une évaluation. Son histoire complète peut figurer sur la page À propos ; chaque service peut avoir sa page lorsque le contenu est suffisant.	Ejemplo ilustrativo: una empresa de mantenimiento de edificios puede abrir con los servicios prestados, a quién atiende y cómo solicitar una evaluación. La historia completa puede quedar en la página Sobre nosotros; la descripción de cada servicio, en páginas propias cuando haya contenido suficiente.
659	Separate services when the decision needs different explanations	Séparez les services lorsque la décision exige des explications différentes	Separa los servicios cuando decidir exige explicaciones diferentes
660	If each service has its own audience, process and questions, separate pages make reading easier. If the offer is simple, a page with well-organized sections may be enough. The number of pages should follow the number of decisions customers need to make, not an SEO target.	Si chaque service a son propre public, processus et questions, des pages séparées facilitent la lecture. Si l’offre est simple, une page avec des sections bien organisées peut suffire. Le nombre de pages doit suivre le nombre de décisions du client, pas un objectif SEO.	Si cada servicio tiene su propio público, proceso y dudas, las páginas separadas facilitan la lectura. Si la oferta es sencilla, una página con secciones bien organizadas puede bastar. El número de páginas debe seguir la cantidad de decisiones que el cliente debe tomar, no una meta de SEO.
661	For each service, answer: what is delivered, who it is for, how work starts, what is not included and how to request a proposal. This also avoids a page listing service names without explaining any of them.	Pour chaque service, répondez : ce qui est livré, à qui il s’adresse, comment le travail commence, ce qui n’est pas inclus et comment demander une proposition. Cela évite aussi une page qui énumère des services sans en expliquer aucun.	Para cada servicio, responde: qué se entrega, a quién se dirige, cómo empieza el trabajo, qué no está incluido y cómo pedir una propuesta. Esto también evita una página que enumera nombres de servicios sin explicar ninguno.
662	Show verifiable signs of trust	Montrez des signes vérifiables de confiance	Muestra señales verificables de confianza
663	Identify the company, present the team or responsible people where appropriate, provide contact channels and use real work examples you have the right to show. Testimonials need attribution and permission; promises of results need to be supportable.	Identifiez l’entreprise, présentez l’équipe ou les responsables lorsque cela a du sens, indiquez les canaux de contact et utilisez des exemples réels de travail que vous avez le droit de montrer. Les témoignages doivent être attribués et autorisés ; les promesses de résultats doivent être justifiables.	Identifica la empresa, presenta el equipo o los responsables cuando tenga sentido, informa los canales de contacto y usa ejemplos reales de trabajo que tengas derecho a mostrar. Los testimonios deben estar atribuidos y autorizados; las promesas de resultados deben poder sostenerse.
664	A small, well-explained portfolio is more helpful than many images without context. Describe the project’s need, what was done and the limits of interpreting its results. If there is no portfolio yet, explain the process clearly.	Un petit portfolio bien expliqué aide plus que de nombreuses images sans contexte. Décrivez le besoin du projet, ce qui a été fait et les limites d’interprétation du résultat. Si vous n’avez pas encore de portfolio, expliquez clairement le processus.	Un portafolio pequeño y bien explicado ayuda más que muchas imágenes sin contexto. Describe la necesidad del proyecto, qué se hizo y qué límites existen para interpretar el resultado. Si todavía no hay portafolio, explica el proceso con claridad.
665	Contact, mobile and maintenance are part of the scope	Contact, mobile et maintenance font partie du périmètre	El contacto, el móvil y el mantenimiento entran en el alcance
666	The contact button needs to work on phones, the form must show whether the message was sent and visitors should not have to guess the next step. Readability, navigation and links also need review on smaller screens.	Le bouton de contact doit fonctionner sur mobile, le formulaire doit indiquer si le message a été envoyé et le visiteur ne doit pas deviner l’étape suivante. Il faut aussi vérifier la lisibilité, la navigation et les liens sur petits écrans.	El botón de contacto debe funcionar en el móvil, el formulario debe indicar si se envió el mensaje y el visitante no debe adivinar el siguiente paso. También hay que revisar legibilidad, navegación y enlaces en pantallas pequeñas.
667	Before accepting the quote, define who registers and renews the domain, pays for hosting, updates copy after delivery and keeps access credentials. These costs and responsibilities remain after the website goes live.	Avant d’accepter le devis, définissez qui enregistre et renouvelle le domaine, paie l’hébergement, met les textes à jour après livraison et conserve les accès. Ces coûts et responsabilités continuent après la mise en ligne.	Antes de cerrar el presupuesto, define quién registra y renueva el dominio, quién paga el alojamiento, quién actualiza los textos después de la entrega y quién guarda los accesos. Estos costes y responsabilidades continúan cuando el sitio se publica.
668	A short list to send to the agency	Une courte liste à envoyer à l’agence	Una lista breve para enviar a la agencia
669	Send your services, main audience, cities served or remote service details, visual references, available materials and the contact you want to receive. Also state whether you need copy, domain, hosting, integrations or maintenance.	Envoyez vos services, public principal, villes desservies ou modalités à distance, références visuelles, éléments disponibles et le contact souhaité. Indiquez aussi si vous avez besoin de textes, domaine, hébergement, intégrations ou maintenance.	Envía tus servicios, público principal, ciudades atendidas o atención remota, referencias visuales, materiales disponibles y el contacto que deseas recibir. Informa también si necesitas textos, dominio, alojamiento, integraciones o mantenimiento.
670	With this information, the agency can propose a suitable structure and separate creation from recurring costs. Ravyt’s quote page details the factors affecting website prices; use it to compare proposals with the same scope.	Avec ces éléments, l’agence peut proposer une structure adaptée et distinguer la création des coûts récurrents. La page de devis de Ravyt détaille les facteurs qui modifient le prix d’un site ; utilisez-la pour comparer des propositions au même périmètre.	Con esta base, la agencia puede proponer una estructura adecuada y separar la creación de los costes recurrentes. La página de presupuesto de Ravyt detalla los factores que modifican el precio de un sitio; úsala para comparar propuestas con el mismo alcance.
671	Explore website creation with your own domain	Découvrez la création de sites avec domaine propre	Conoce la creación de sitios con dominio propio
672	Do you already know what your website needs to explain?	Savez-vous déjà ce que votre site doit expliquer ?	¿Ya sabes qué necesita explicar tu sitio?
673	The scenarios in this article are illustrative planning examples. Each website’s format, pages and costs depend on the project and are defined in the proposal.	Les scénarios de cet article sont des exemples illustratifs de planification. Le format, les pages et les coûts de chaque site dépendent du projet et sont définis dans la proposition.	Los escenarios de este artículo son ejemplos ilustrativos de planificación. El formato, las páginas y los costes de cada sitio dependen del proyecto y se definen en la propuesta.
